,Adjusted Grade,New?,Other Location Code in LCGMS,School Name,SED Code,Location Code,District,Latitude,Longitude,Address (Full),City,Zip,Grades,Grade Low,Grade High,Community School?,Economic Need Index,School Income Estimate,Student Attendance Rate,Percent of Students Chronically Absent,Rigorous Instruction %,Rigorous Instruction Rating,Collaborative Teachers %,Collaborative Teachers Rating,Supportive Environment %,Supportive Environment Rating,Effective School Leadership %,Effective School Leadership Rating,Strong Family-Community Ties %,Strong Family-Community Ties Rating,Trust %,Trust Rating,Student Achievement Rating,Average ELA Proficiency,Average Math Proficiency
0,,,,P.S. 015 ROBERTO CLEMENTE,310100010015,01M015,1,40.721834,-73.978766,"333 E 4TH ST NEW YORK, NY 10009",NEW YORK,10009,"PK,0K,01,02,03,04,05",PK,5,Yes,0.919,31141.72,0.94,0.18,0.89,Meeting Target,0.94,Meeting Target,0.86,Exceeding Target,0.91,Exceeding Target,0.85,Meeting Target,0.94,Exceeding Target,Approaching Target,2.14,2.17
8,,,,P.S. 140 NATHAN STRAUS,310100010140,01M140,1,40.719128,-73.983283,"123 RIDGE ST NEW YORK, NY 10002",NEW YORK,10002,"PK,0K,01,02,03,04,05,06,07,08",PK,8,No,0.849,34889.24,0.93,0.27,0.94,Meeting Target,0.91,Approaching Target,0.85,Meeting Target,0.87,Meeting Target,0.83,Meeting Target,0.93,Meeting Target,Meeting Target,2.21,2.27
12,,,,ORCHARD COLLEGIATE ACADEMY,310100011292,01M292,1,40.713343,-73.986069,"220 HENRY ST NEW YORK, NY 10002",NEW YORK,10002,"06,07,08,09,10,11,12",6,12,Yes,0.832,,0.84,0.58,0.72,Not Meeting Target,0.77,Approaching Target,0.77,Approaching Target,0.72,Approaching Target,0.76,Approaching Target,0.87,Meeting Target,Approaching Target,1.96,1.83
71,,,,LIFE SCIENCES SECONDARY SCHOOL,310200011655,02M655,2,40.783283,-73.945937,"320 E 96TH ST NEW YORK, NY 10128",NEW YORK,10128,"06,07,08,09,10,11,12",6,12,No,0.765,,0.9,0.3,0.9,Meeting Target,0.9,Approaching Target,0.77,Approaching Target,0.67,Not Meeting Target,0.65,Not Meeting Target,0.81,Approaching Target,Approaching Target,2.24,1.95
80,,,,"P.S. 145, THE BLOOMINGDALE SCHOOL",310300010145,03M145,3,40.79909,-73.965359,"150 W 105TH ST NEW YORK, NY 10025",NEW YORK,10025,"PK,0K,01,02,03,04,05",PK,5,No,0.843,44727.39,0.91,0.35,0.91,Approaching Target,0.85,Meeting Target,0.89,Approaching Target,0.76,Approaching Target,0.82,Approaching Target,0.84,Approaching Target,Approaching Target,2.12,2.16
81,,,,P.S. 149 SOJOURNER TRUTH,310300010149,03M149,3,40.802666,-73.948256,"41 W 117TH ST NEW YORK, NY 10026",NEW YORK,10026,"PK,0K,01,02,03,04,05,06,07,08",PK,8,Yes,0.883,37110.83,0.91,0.37,0.83,Approaching Target,0.7,Not Meeting Target,0.77,Approaching Target,0.6,Not Meeting Target,0.81,Approaching Target,0.82,Approaching Target,Approaching Target,2.1,2.03
86,,,,P.S. 191 AMSTERDAM,310300010191,03M191,3,40.771743,-73.987572,"210 W 61ST ST NEW YORK, NY 10023",NEW YORK,10023,"PK,0K,01,02,03,04,05",PK,5,No,0.758,63947.38,0.91,0.33,0.82,Approaching Target,0.79,Approaching Target,0.82,Approaching Target,0.7,Approaching Target,0.88,Meeting Target,0.88,Meeting Target,Approaching Target,2.23,2.1
89,,,,STEM INSTITUTE OF MANHATTAN,310300010241,03M241,3,40.801651,-73.955295,"240 W 113TH ST NEW YORK, NY 10026",NEW YORK,10026,"0K,01,02,03,04,05",0K,5,No,0.849,44126.71,0.91,0.33,0.0,,0.94,,0.91,,0.95,,0.88,,0.94,,Not Meeting Target,1.97,1.93
100,,,,WADLEIGH SECONDARY SCHOOL FOR THE PERFORMING & VISUAL ARTS,310300011415,03M415,3,40.802284,-73.95408,"215 W 114TH ST NEW YORK, NY 10026",NEW YORK,10026,"06,07,08,09,10,11,12",6,12,Yes,0.791,,0.93,0.23,0.86,Approaching Target,0.77,Approaching Target,0.82,Meeting Target,0.71,Approaching Target,0.77,Meeting Target,0.82,Approaching Target,Approaching Target,2.04,1.99
109,,,,P.S. 38 ROBERTO CLEMENTE,310400010038,04M038,4,40.788684,-73.944766,"232 E 103RD ST NEW YORK, NY 10029",NEW YORK,10029,"PK,0K,01,02,03,04,05",PK,5,No,0.915,34567.95,0.88,0.5,0.87,Approaching Target,0.77,Not Meeting Target,0.76,Approaching Target,0.68,Approaching Target,0.82,Approaching Target,0.82,Approaching Target,Meeting Target,2.14,2.12
110,,,,P.S. 050 VITO MARCANTONIO,310400010050,04M050,4,40.785868,-73.940587,"433 E 100TH ST NEW YORK, NY 10029",NEW YORK,10029,"0K,01,02,03,04,05,06,07,08",0K,8,Yes,0.89,30295.44,0.87,0.49,0.87,Approaching Target,0.74,Not Meeting Target,0.89,,0.67,Approaching Target,0.79,Approaching Target,0.84,Approaching Target,Approaching Target,2.1,2.07
114,,,,P.S. 096 JOSEPH LANZETTA,310400010096,04M096,4,40.799987,-73.937388,"216 E 120TH ST NEW YORK, NY 10035",NEW YORK,10035,"PK,0K,01,02,03,04,05,06,07,08",PK,8,No,0.902,25392.85,0.91,0.37,0.88,Approaching Target,0.85,Meeting Target,0.89,Meeting Target,0.77,Approaching Target,0.77,Not Meeting Target,0.88,Approaching Target,Meeting Target,2.17,2.03
117,,,,P.S. 146 ANN M. SHORT,310400010146,04M146,4,40.7897,-73.939094,"421 E 106TH ST NEW YORK, NY 10029",NEW YORK,10029,"PK,0K,01,02,03,04,05",PK,5,No,0.903,29414.74,0.92,0.29,0.77,Approaching Target,0.71,Approaching Target,0.8,Approaching Target,0.65,Approaching Target,0.9,Meeting Target,0.84,Meeting Target,Meeting Target,2.14,2.19
118,,,,P.S. 155 WILLIAM PACA,310400010155,04M155,4,40.797495,-73.936193,"319 E 117TH ST NEW YORK, NY 10035",NEW YORK,10035,"PK,0K,01,02,03,04,05",PK,5,No,0.902,27577.94,0.93,0.25,0.84,Approaching Target,0.79,Approaching Target,0.91,Meeting Target,0.74,Approaching Target,0.85,Meeting Target,0.79,Approaching Target,Meeting Target,2.16,2.17
123,,,,ESPERANZA PREPARATORY ACADEMY,310400010372,04M372,4,40.79259,-73.942119,"240 E 109TH ST NEW YORK, NY 10029",NEW YORK,10029,"06,07,08,09,10,11,12",6,12,No,0.836,,0.91,0.35,0.87,Exceeding Target,0.77,Approaching Target,0.84,Meeting Target,0.72,Approaching Target,0.77,Approaching Target,0.85,Approaching Target,Meeting Target,2.19,2.08
124,,,,MOSAIC PREPARATORY ACADEMY,310400010375,04M375,4,40.796046,-73.944549,"141 E 111TH ST NEW YORK, NY 10029",NEW YORK,10029,"PK,0K,01,02,03,04,05",PK,5,No,0.917,29237.2,0.92,0.27,0.89,Meeting Target,0.86,Exceeding Target,0.89,Meeting Target,0.75,Approaching Target,0.86,Meeting Target,0.86,Approaching Target,Meeting Target,2.23,2.25
129,,,,ISAAC NEWTON MIDDLE SCHOOL FOR MATH & SCIENCE,310400010825,04M825,4,40.794167,-73.932694,"260 PLEASANT AVE NEW YORK, NY 10029",NEW YORK,10029,"06,07,08,SE",6,8,No,0.842,,0.93,0.23,0.84,Approaching Target,0.87,Approaching Target,0.85,Meeting Target,0.84,Meeting Target,0.8,Meeting Target,0.92,Meeting Target,Meeting Target,2.24,2.15
133,,,,P.S. 046 ARTHUR TAPPAN,310500010046,05M046,5,40.831496,-73.936154,"2987 FREDERICK DOUGLAS BLVD NEW YORK, NY 10039",NEW YORK,10039,"PK,0K,01,02,03,04,05,06",PK,6,No,0.903,23035.78,0.9,0.39,0.91,Meeting Target,0.89,Meeting Target,0.85,Meeting Target,0.81,Meeting Target,0.8,Approaching Target,0.9,Meeting Target,Approaching Target,2.19,2.19
134,,,,P.S. 092 MARY MCLEOD BETHUNE,310500010092,05M092,5,40.814949,-73.945808,"222 W 134TH ST NEW YORK, NY 10030",NEW YORK,10030,"PK,0K,01,02,03,04,05",PK,5,No,0.897,32865.04,0.9,0.37,0.87,Approaching Target,0.88,Approaching Target,0.91,Meeting Target,0.78,Meeting Target,0.86,Meeting Target,0.9,Meeting Target,Approaching Target,2.2,2.22
135,,,,P.S. 123 MAHALIA JACKSON,310500010123,05M123,5,40.820192,-73.944457,"301 W 140TH ST NEW YORK, NY 10030",NEW YORK,10030,"PK,0K,01,02,03,04,05,06,07,08",PK,8,Yes,0.835,34752.53,0.88,0.49,0.83,Approaching Target,0.72,Approaching Target,0.84,Approaching Target,0.65,Not Meeting Target,0.82,Approaching Target,0.81,Approaching Target,Approaching Target,2.11,2.0
138,,,,P.S. 133 FRED R MOORE,310500010133,05M133,5,40.809663,-73.939148,"2121 5TH AVE NEW YORK, NY 10037",NEW YORK,10037,"PK,0K,01,02,03,04,05",PK,5,No,0.875,33344.03,0.91,0.34,0.84,Approaching Target,0.73,Approaching Target,0.76,Approaching Target,0.47,Not Meeting Target,0.76,Not Meeting Target,0.77,Approaching Target,Meeting Target,2.21,2.19
140,,,,P.S. 154 HARRIET TUBMAN,310500010154,05M154,5,40.810555,-73.948862,"250 W 127TH ST NEW YORK, NY 10027",NEW YORK,10027,"PK,0K,01,02,03,04,05",PK,5,Yes,0.899,28358.99,0.92,0.31,0.91,Approaching Target,0.87,Meeting Target,0.93,Meeting Target,0.79,Approaching Target,0.82,Approaching Target,0.85,Approaching Target,Approaching Target,2.15,2.16
142,,,,P.S. 175 HENRY H GARNET,310500010175,05M175,5,40.814259,-73.942662,"175 W 134TH ST NEW YORK, NY 10030",NEW YORK,10030,"PK,0K,01,02,03,04,05",PK,5,No,0.893,34273.8,0.91,0.39,0.93,Meeting Target,0.92,Meeting Target,0.91,Meeting Target,0.78,Meeting Target,0.84,Approaching Target,0.87,Approaching Target,Approaching Target,2.14,2.26
143,,,,P.S. 194 COUNTEE CULLEN,310500010194,05M194,5,40.821182,-73.940665,"244 W 144TH ST NEW YORK, NY 10030",NEW YORK,10030,"0K,01,02,03,04,05",0K,5,Yes,0.898,30519.96,0.9,0.47,0.91,Approaching Target,0.73,Approaching Target,0.94,Approaching Target,0.49,Not Meeting Target,0.87,Meeting Target,0.67,Not Meeting Target,Approaching Target,2.0,2.02
144,,,,P.S. 197 JOHN B. RUSSWURM,310500010197,05M197,5,40.813298,-73.937828,"2230 5TH AVE NEW YORK, NY 10037",NEW YORK,10037,"PK,0K,01,02,03,04,05",PK,5,No,0.874,34797.1,0.88,0.47,0.94,Approaching Target,0.92,Approaching Target,0.92,Approaching Target,0.92,Exceeding Target,0.92,Exceeding Target,0.95,Exceeding Target,Meeting Target,2.21,2.27
145,,,,P.S. 200- THE JAMES MCCUNE SMITH SCHOOL,310500010200,05M200,5,40.823955,-73.935802,"2589 7TH AVE NEW YORK, NY 10039",NEW YORK,10039,"PK,0K,01,02,03,04,05",PK,5,No,0.892,34610.48,0.88,0.46,0.83,Approaching Target,0.88,Approaching Target,0.89,Approaching Target,0.81,Meeting Target,0.85,Meeting Target,0.92,Meeting Target,Approaching Target,2.12,2.13
146,,,,URBAN ASSEMBLY ACADEMY FOR FUTURE LEADERS,310500010286,05M286,5,40.815745,-73.9556,"509 W 129TH ST NEW YORK, NY 10027",NEW YORK,10027,"06,07,08",6,8,No,0.817,,0.87,0.42,0.92,Meeting Target,0.86,Meeting Target,0.9,Meeting Target,0.76,Approaching Target,0.78,Approaching Target,0.86,Approaching Target,Not Meeting Target,2.12,1.92
147,,,,KAPPA IV,310500010302,05M302,5,40.817282,-73.947238,"6 EDGECOMBE AVE NEW YORK, NY 10030",NEW YORK,10030,"06,07,08",6,8,No,0.852,,0.9,0.35,0.77,Approaching Target,0.81,Meeting Target,0.81,Approaching Target,0.69,Not Meeting Target,0.83,Meeting Target,0.84,Approaching Target,Approaching Target,2.16,1.89
151,,,,NEW DESIGN MIDDLE SCHOOL,310500010514,05M514,5,40.819764,-73.95724,"625 W 133RD ST NEW YORK, NY 10031",NEW YORK,10031,"06,07,08",6,8,No,0.881,,0.91,0.27,0.83,Approaching Target,0.79,Approaching Target,0.81,Meeting Target,0.75,Approaching Target,0.78,Approaching Target,0.87,Meeting Target,Approaching Target,2.08,1.94
155,,,,P.S. 005 ELLEN LURIE,310600010005,06M005,6,40.85892,-73.922428,"3703 10TH AVE NEW YORK, NY 10034",NEW YORK,10034,"0K,01,02,03,04,05",0K,5,No,0.851,29783.6,0.93,0.26,0.89,Meeting Target,0.86,Meeting Target,0.9,Meeting Target,0.68,Approaching Target,0.86,Meeting Target,0.89,Meeting Target,Approaching Target,2.11,2.28
164,,,,P.S. 132 JUAN PABLO DUARTE,310600010132,06M132,6,40.850543,-73.933933,"185 WADSWORTH AVE NEW YORK, NY 10033",NEW YORK,10033,"0K,01,02,03,04,05",0K,5,Yes,0.857,35210.09,0.95,0.14,0.87,Approaching Target,0.8,Approaching Target,0.9,Meeting Target,0.72,Approaching Target,0.85,Meeting Target,0.84,Approaching Target,Meeting Target,2.22,2.25
165,,,,J.H.S. 143 ELEANOR ROOSEVELT,310600010143,06M143,6,40.849099,-73.931106,"511 W 182ND ST NEW YORK, NY 10033",NEW YORK,10033,"06,07,08",6,8,No,0.849,,0.91,0.24,0.82,Approaching Target,0.83,Meeting Target,0.81,Meeting Target,0.78,Approaching Target,0.76,Approaching Target,0.86,Approaching Target,Meeting Target,2.12,2.06
175,,,,I.S. 218 SALOME URENA,310600010218,06M218,6,40.86082,-73.930066,"4600 BROADWAY NEW YORK, NY 10040",NEW YORK,10040,"06,07,08",6,8,No,0.84,,0.92,0.24,0.91,Approaching Target,0.81,Meeting Target,0.9,Meeting Target,0.75,Approaching Target,0.84,Meeting Target,0.89,Meeting Target,Approaching Target,2.09,2.09
181,,,,M.S. 319 - MARIA TERESA,310600010319,06M319,6,40.839408,-73.935772,"21 JUMEL PL NEW YORK, NY 10032",NEW YORK,10032,"06,07,08",6,8,No,0.838,,0.94,0.18,0.94,Exceeding Target,0.92,Exceeding Target,0.92,Exceeding Target,0.88,Meeting Target,0.88,Exceeding Target,0.93,Meeting Target,Meeting Target,2.22,2.29
182,,,,MIDDLE SCHOOL 322,310600010322,06M322,6,40.86082,-73.930066,"4600 BROADWAY NEW YORK, NY 10040",NEW YORK,10040,"06,07,08,SE",6,8,No,0.861,,0.93,0.23,0.8,Meeting Target,0.83,Meeting Target,0.86,Meeting Target,0.73,Approaching Target,0.9,Exceeding Target,0.89,Meeting Target,Meeting Target,2.13,2.22
184,,,,P.S. 325,310600010325,06M325,6,40.820988,-73.952995,"500 W 138TH ST NEW YORK, NY 10031",NEW YORK,10031,"0K,01,02,03,04,05",0K,5,No,0.864,40828.12,0.93,0.27,0.88,Approaching Target,0.88,Meeting Target,0.93,Meeting Target,0.78,Meeting Target,0.83,Approaching Target,0.91,Meeting Target,Approaching Target,2.14,2.19
185,,,,M.S. 328 - MANHATTAN MIDDLE SCHOOL FOR SCIENTIFIC INQUIRY,310600010328,06M328,6,40.836912,-73.937412,"401 W 164TH ST NEW YORK, NY 10032",NEW YORK,10032,"06,07,08",6,8,No,0.834,,0.87,0.43,0.91,Meeting Target,0.87,Meeting Target,0.88,Approaching Target,0.86,Meeting Target,0.84,Meeting Target,0.9,Meeting Target,Approaching Target,1.98,1.97
188,,,,HARBOR HEIGHTS,310600010349,06M349,6,40.84562,-73.939738,"306 FORT WASHINGTON AVE-RM  414 NEW YORK, NY 10033",NEW YORK,10033,"06,07,08",6,8,No,0.878,,0.97,0.03,0.85,Meeting Target,0.93,Meeting Target,0.89,Exceeding Target,0.88,Meeting Target,0.85,Meeting Target,0.94,Meeting Target,Approaching Target,1.81,2.03
192,,,,I.S. 528 BEA FULLER RODGERS SCHOOL,310600010528,06M528,6,40.850676,-73.934697,"180 WADSWORTH AVE NEW YORK, NY 10033",NEW YORK,10033,"06,07,08",6,8,Yes,0.867,,0.95,0.14,0.82,Approaching Target,0.82,Approaching Target,0.91,Meeting Target,0.78,Approaching Target,0.85,Meeting Target,0.91,Meeting Target,Meeting Target,2.24,2.19
193,,,,P.S. 001 COURTLANDT SCHOOL,320700010001,07X001,7,40.819101,-73.91941,"335 E 152ND ST BRONX, NY 10451",BRONX,10451,"PK,0K,01,02,03,04,05",PK,5,No,0.915,23144.32,0.92,0.33,0.9,Meeting Target,0.89,Meeting Target,0.9,Meeting Target,0.78,Approaching Target,0.83,Meeting Target,0.91,Meeting Target,Approaching Target,2.19,2.23
194,,,,P.S. 5 PORT MORRIS,320700010005,07X005,7,40.813613,-73.908429,"564 JACKSON AVE BRONX, NY 10455",BRONX,10455,"PK,0K,01,02,03,04,05,06,07,08",PK,8,No,0.905,22754.7,0.91,0.36,0.9,Meeting Target,0.87,Meeting Target,0.81,Approaching Target,0.79,Meeting Target,0.82,Approaching Target,0.85,Approaching Target,Approaching Target,2.15,2.11
197,,,,P.S./M.S. 029 MELROSE SCHOOL,320700010029,07X029,7,40.821611,-73.916768,"758 COURTLANDT AVE BRONX, NY 10451",BRONX,10451,"PK,0K,01,02,03,04,05,06,07,08",PK,8,No,0.891,23911.23,0.91,0.35,0.9,Exceeding Target,0.91,Exceeding Target,0.92,Meeting Target,0.81,Meeting Target,0.84,Meeting Target,0.93,Meeting Target,Approaching Target,2.12,2.12
198,,,,P.S. 030 WILTON,320700010030,07X030,7,40.809065,-73.91752,"510 E 141ST ST BRONX, NY 10454",BRONX,10454,"PK,0K,01,02,03,04,05",PK,5,No,0.923,22281.39,0.9,0.4,0.87,Approaching Target,0.9,Meeting Target,0.91,Meeting Target,0.84,Meeting Target,0.9,Exceeding Target,0.91,Meeting Target,Approaching Target,2.09,2.15
199,,,,P.S./M.S. 031 THE WILLIAM LLOYD GARRISON,320700010031,07X031,7,40.822539,-73.921487,"250 E 156TH ST BRONX, NY 10451",BRONX,10451,"PK,0K,01,02,03,04,05,06,07,08",PK,8,No,0.878,28918.55,0.9,0.39,0.86,Approaching Target,0.86,Meeting Target,0.85,Approaching Target,0.79,Meeting Target,0.81,Approaching Target,0.89,Meeting Target,Approaching Target,2.09,2.04
202,,,,P.S. 065 MOTHER HALE ACADEMY,320700010065,07X065,7,40.807731,-73.912768,"677 E 141ST ST BRONX, NY 10454",BRONX,10454,"PK,0K,01,02,03,04,05",PK,5,No,0.957,22507.91,0.89,0.48,0.92,Meeting Target,0.88,Meeting Target,0.88,Approaching Target,0.82,Meeting Target,0.84,Approaching Target,0.91,Meeting Target,Approaching Target,2.06,2.12
203,,,,J.H.S. 151 LOU GEHRIG,320700010151,07X151,7,40.822539,-73.921487,"250 E 156TH ST BRONX, NY 10451",BRONX,10451,"06,07,08",6,8,No,0.89,,0.92,0.29,0.88,Meeting Target,0.9,Meeting Target,0.85,Meeting Target,0.78,Approaching Target,0.8,Meeting Target,0.9,Meeting Target,Meeting Target,2.1,1.98
207,,,,J.H.S. 162 LOLA RODRIGUEZ DE TIO,320700010162,07X162,7,40.814702,-73.912036,"600 ST ANNS AVE BRONX, NY 10455",BRONX,10455,"06,07,08",6,8,Yes,0.906,,0.89,0.39,0.92,Meeting Target,0.93,Meeting Target,0.85,Meeting Target,0.88,Meeting Target,0.82,Meeting Target,0.93,Meeting Target,Approaching Target,2.04,1.96
211,,,,P.S./I.S. 224,320700010224,07X224,7,40.810207,-73.91839,"345 BROOK AVE BRONX, NY 10454",BRONX,10454,"06,07,08",6,8,No,0.903,,0.9,0.35,0.87,Meeting Target,0.87,Meeting Target,0.81,Meeting Target,0.8,Approaching Target,0.79,Approaching Target,0.88,Meeting Target,Meeting Target,2.18,2.13
213,,,,SOUTH BRONX ACADEMY FOR APPLIED MEDIA,320700010296,07X296,7,40.818906,-73.905333,"778 FOREST AVE BRONX, NY 10456",BRONX,10456,"06,07,08",6,8,No,0.908,,0.89,0.38,0.78,Approaching Target,0.75,Approaching Target,0.82,Approaching Target,0.71,Approaching Target,0.71,Not Meeting Target,0.83,Approaching Target,Approaching Target,2.13,2.04
214,,,,ACADEMY OF PUBLIC RELATIONS,320700010298,07X298,7,40.818906,-73.905333,"778 FOREST AVE BRONX, NY 10456",BRONX,10456,"06,07,08",6,8,No,0.882,,0.9,0.37,0.82,Meeting Target,0.92,Meeting Target,0.75,Approaching Target,0.92,Exceeding Target,0.75,Approaching Target,0.91,Meeting Target,Meeting Target,2.14,1.97
217,,,,YOUNG LEADERS ELEMENTARY SCHOOL,320700010369,07X369,7,40.809216,-73.920032,"468 E 140TH ST BRONX, NY 10454",BRONX,10454,"PK,0K,01,02,03,04,05",PK,5,No,0.923,23020.7,0.92,0.3,0.75,Not Meeting Target,0.86,Meeting Target,0.83,Approaching Target,0.81,Meeting Target,0.88,Meeting Target,0.9,Meeting Target,Approaching Target,1.97,2.04
219,,,,THE URBAN ASSEMBLY BRONX ACADEMY OF LETTERS,320700011551,07X551,7,40.81366,-73.925999,"339 MORRIS AVE BRONX, NY 10451",BRONX,10451,"06,07,08,09,10,11,12,SE",6,12,No,0.882,,0.9,0.33,0.8,Approaching Target,0.79,Approaching Target,0.76,Meeting Target,0.72,Approaching Target,0.77,Approaching Target,0.83,Approaching Target,Approaching Target,2.08,2.06
222,,,,P.S. 048 JOSEPH R. DRAKE,320800010048,08X048,8,40.814228,-73.886889,"1290 SPOFFORD AVE BRONX, NY 10474",BRONX,10474,"PK,0K,01,02,03,04,05",PK,5,No,0.922,27859.91,0.92,0.31,0.88,Meeting Target,0.84,Meeting Target,0.86,Meeting Target,0.68,Approaching Target,0.77,Not Meeting Target,0.84,Approaching Target,Meeting Target,2.1,2.18
231,,,,P.S. 107,320800010107,08X107,8,40.818887,-73.868609,"1695 SEWARD AVE BRONX, NY 10473",BRONX,10473,"PK,0K,01,02,03,04,05",PK,5,No,0.913,27853.77,0.9,0.43,0.95,Meeting Target,0.93,Meeting Target,0.92,Meeting Target,0.84,Meeting Target,0.83,Approaching Target,0.92,Meeting Target,Meeting Target,2.21,2.24
233,,,,J.H.S. 123 JAMES M. KIERAN,320800010123,08X123,8,40.824884,-73.873517,"1025 MORRISON AVE BRONX, NY 10472",BRONX,10472,"06,07,08",6,8,Yes,0.876,,0.91,0.28,0.67,Not Meeting Target,0.64,Not Meeting Target,0.78,Approaching Target,0.53,Not Meeting Target,0.71,Approaching Target,0.69,Not Meeting Target,Approaching Target,2.15,1.98
235,,,,P.S. 130 ABRAM STEVENS HEWITT,320800010130,08X130,8,40.817778,-73.901831,"750 PROSPECT AVE BRONX, NY 10455",BRONX,10455,"PK,0K,01,02,03,04,05",PK,5,No,0.872,24977.29,0.92,0.27,0.95,Meeting Target,0.92,Meeting Target,0.93,Meeting Target,0.85,Meeting Target,0.86,Meeting Target,0.95,Exceeding Target,Meeting Target,2.07,2.22
236,,,,J.H.S. 131 ALBERT EINSTEIN,320800010131,08X131,8,40.823319,-73.860062,"885 BOLTON AVE BRONX, NY 10473",BRONX,10473,"06,07,08",6,8,No,0.812,,0.91,0.34,0.79,Approaching Target,0.9,Exceeding Target,0.78,Approaching Target,0.84,Meeting Target,0.74,Approaching Target,0.87,Approaching Target,Meeting Target,2.24,2.07
242,,,,BRONX STUDIO SCHOOL FOR WRITERS AND ARTISTS,320800011269,08X269,8,40.820398,-73.892938,"928 SIMPSON ST BRONX, NY 10459",BRONX,10459,"06,07,08,09,10,11,12",6,12,Yes,0.853,,0.92,0.29,0.81,Approaching Target,0.84,Meeting Target,0.79,Approaching Target,0.82,Meeting Target,0.75,Approaching Target,0.91,Meeting Target,Meeting Target,2.24,2.15
243,,,,M.S. 301 PAUL L. DUNBAR,320800010301,08X301,8,40.822303,-73.906686,"890 CAULDWELL AVE BRONX, NY 10456",BRONX,10456,"06,07,08",6,8,Yes,0.823,,0.88,0.45,0.84,Approaching Target,0.89,Meeting Target,0.87,Approaching Target,0.85,Meeting Target,0.8,Meeting Target,0.92,Meeting Target,Approaching Target,1.97,1.95
244,,,,M.S. 302 LUISA DESSUS CRUZ,320800010302,08X302,8,40.815971,-73.901686,"681 KELLY ST BRONX, NY 10455",BRONX,10455,"06,07,08",6,8,No,0.906,,0.87,0.48,0.82,Approaching Target,0.84,Meeting Target,0.95,Meeting Target,0.76,Approaching Target,0.77,Approaching Target,0.92,Meeting Target,Meeting Target,2.22,2.17
246,,,,P.S. 333 - THE MUSEUM SCHOOL,320800010333,08X333,8,40.820082,-73.898647,"888 REV J A POLITE AVE BRONX, NY 10459",BRONX,10459,"PK,0K,01,02,03",PK,3,No,0.915,26448.84,0.89,0.46,0.89,Approaching Target,0.8,Approaching Target,0.91,Approaching Target,0.62,Not Meeting Target,0.78,Approaching Target,0.85,Approaching Target,Meeting Target,2.22,2.21
251,,,,THE BRONX MATHEMATICS PREPARATORY SCHOOL,320800010375,08X375,8,40.815017,-73.856018,"456 WHITE PLAINS RD BRONX, NY 10473",BRONX,10473,"06,07,08",6,8,Yes,0.818,,0.89,0.4,0.79,Not Meeting Target,0.75,Not Meeting Target,0.79,Approaching Target,0.65,Not Meeting Target,0.76,Approaching Target,0.81,Approaching Target,Approaching Target,2.17,2.01
253,,,,THE HUNTS POINT SCHOOL,320800010424,08X424,8,40.815594,-73.885238,"730 BRYANT AVE BRONX, NY 10474",BRONX,10474,"06,07,08",6,8,Yes,0.876,,0.9,0.35,0.83,Approaching Target,0.74,Not Meeting Target,0.83,Approaching Target,0.73,Approaching Target,0.82,Meeting Target,0.86,Meeting Target,Meeting Target,2.11,2.02
256,,,,BLUEPRINT MIDDLE SCHOOL,320800010562,08X562,8,40.829108,-73.85691,"1111 PUGLSEY AVE BRONX, NY 10472",BRONX,10472,"06,07,08",6,8,No,0.796,,0.92,0.29,0.93,Meeting Target,0.95,Meeting Target,0.8,Approaching Target,0.93,Exceeding Target,0.79,Meeting Target,0.91,Meeting Target,Approaching Target,2.23,2.17
259,,,,J.H.S. 022 JORDAN L. MOTT,320900010022,09X022,9,40.832278,-73.914142,"270 E 167TH ST BRONX, NY 10456",BRONX,10456,"05,06,07,08",5,8,Yes,0.877,,0.9,0.34,0.85,Approaching Target,0.82,Meeting Target,0.82,Approaching Target,0.76,Approaching Target,0.77,Approaching Target,0.88,Meeting Target,Approaching Target,2.05,1.91
262,,,,P.S. 042 CLAREMONT,320900010042,09X042,9,40.838559,-73.903026,"1537 WASHINGTON AVE BRONX, NY 10456",BRONX,10456,"PK,0K,01,02,03,04,05",PK,5,Yes,0.935,24249.23,0.9,0.37,0.88,Approaching Target,0.91,Exceeding Target,0.86,Approaching Target,0.88,Exceeding Target,0.9,Meeting Target,0.93,Meeting Target,Meeting Target,2.18,2.25
264,,,,P.S. 055 BENJAMIN FRANKLIN,320900010055,09X055,9,40.835973,-73.904838,"450 ST PAUL'S PL BRONX, NY 10456",BRONX,10456,"PK,0K,01,02,03,04,05",PK,5,Yes,0.939,19445.65,0.92,0.28,0.86,Approaching Target,0.78,Approaching Target,0.83,Approaching Target,0.74,Approaching Target,0.81,Approaching Target,0.9,Meeting Target,Approaching Target,2.04,2.15
267,,,,P.S. 070 MAX SCHOENFELD,320900010070,09X070,9,40.844394,-73.908023,"1691 WEEKS AVE BRONX, NY 10457",BRONX,10457,"0K,01,02,03,04,05",0K,5,No,0.916,28190.58,0.91,0.37,0.88,Meeting Target,0.87,Meeting Target,0.84,Approaching Target,0.82,Meeting Target,0.82,Approaching Target,0.9,Meeting Target,Approaching Target,2.1,2.26
268,,,,P.S. 073 BRONX,320900010073,09X073,9,40.83262,-73.926485,"1020 ANDERSON AVE BRONX, NY 10452",BRONX,10452,"PK,0K,01,02,03,04,05",PK,5,No,0.891,22580.13,0.9,0.41,0.85,Approaching Target,0.82,Approaching Target,0.82,Approaching Target,0.68,Approaching Target,0.83,Approaching Target,0.83,Approaching Target,Approaching Target,2.07,2.1
270,,,,P.S. 109 SEDGWICK,320900010109,09X109,9,40.851637,-73.918772,"1771 POPHAM AVE BRONX, NY 10453",BRONX,10453,"PK,0K,01,02,03,04,05",PK,5,No,0.874,26397.05,0.91,0.32,0.79,Approaching Target,0.69,Approaching Target,0.73,Approaching Target,0.57,Not Meeting Target,0.79,Approaching Target,0.77,Approaching Target,Approaching Target,2.19,2.17
272,,,,P.S. X114 - LUIS LLORENS TORRES SCHOOLS,320900010114,09X114,9,40.835007,-73.923347,"1155 CROMWELL AVE BRONX, NY 10452",BRONX,10452,"0K,01,02,03,04",0K,4,No,0.904,26823.06,0.92,0.31,0.95,Meeting Target,0.93,Meeting Target,0.95,Meeting Target,0.86,Meeting Target,0.83,Approaching Target,0.93,Meeting Target,Approaching Target,2.07,2.19
273,,,,I.S. 117 JOSEPH H. WADE,320900010117,09X117,9,40.848521,-73.908447,"1865 MORRIS AVE BRONX, NY 10453",BRONX,10453,"06,07,08",6,8,Yes,0.9,,0.89,0.39,0.77,Approaching Target,0.7,Approaching Target,0.8,Approaching Target,0.68,Not Meeting Target,0.8,Meeting Target,0.84,Approaching Target,Approaching Target,2.04,2.0
276,,,,P.S. 132 GARRET A. MORGAN,320900010132,09X132,9,40.832081,-73.906951,"1245 WASHINGTON AVE BRONX, NY 10456",BRONX,10456,"PK,0K,01,02,03,04,05",PK,5,No,0.928,22702.97,0.89,0.44,0.95,Meeting Target,0.76,Approaching Target,0.71,Approaching Target,0.6,Not Meeting Target,0.75,Not Meeting Target,0.74,Not Meeting Target,Approaching Target,2.07,2.18
277,,,,J.H.S. 145 ARTURO TOSCANINI,320900010145,09X145,9,40.827748,-73.913773,"1000 TELLER AVE BRONX, NY 10456",BRONX,10456,"05,06,07,08",5,8,Yes,0.888,,0.89,0.43,0.86,Approaching Target,0.81,Approaching Target,0.89,Approaching Target,0.72,Approaching Target,0.79,Meeting Target,0.86,Approaching Target,Approaching Target,2.09,1.98
283,,,,I.S. 219 NEW VENTURE SCHOOL,320900010219,09X219,9,40.833708,-73.903937,"3630 3RD AVE BRONX, NY 10456",BRONX,10456,"06,07,08",6,8,Yes,0.929,,0.9,0.35,0.82,Approaching Target,0.66,Not Meeting Target,0.81,Approaching Target,0.63,Not Meeting Target,0.7,Approaching Target,0.79,Approaching Target,Approaching Target,1.98,1.92
284,,,,I.S. 229 ROLAND PATTERSON,320900010229,09X229,9,40.841563,-73.929604,"275 HARLEM RIVER PARK BRIDGE BRONX, NY 10453",BRONX,10453,"05,06,07,08",5,8,No,0.885,,0.9,0.38,0.78,Approaching Target,0.65,Approaching Target,0.83,Approaching Target,0.63,Not Meeting Target,0.81,Meeting Target,0.81,Approaching Target,Approaching Target,2.1,1.99
285,x,,,EAGLE ACADEMY FOR YOUNG MEN,320900011231,09X231,9,40.845324,-73.897392,"4143 3RD AVE BRONX, NY 10457",BRONX,10457,"09,10,11,12",9,12,No,0.705,,0.94,0.18,0.82,Approaching Target,0.86,Meeting Target,0.77,Meeting Target,0.83,Meeting Target,0.85,Exceeding Target,0.89,Meeting Target,Approaching Target,2.21,2.13
286,,,,I.S. 232,320900010232,09X232,9,40.849461,-73.915529,"1700 MACOMBS RD BRONX, NY 10453",BRONX,10453,"06,07,08",6,8,No,0.872,,0.93,0.25,0.78,Approaching Target,0.65,Approaching Target,0.82,Meeting Target,0.59,Not Meeting Target,0.78,Approaching Target,0.79,Approaching Target,Meeting Target,2.16,2.27
287,,,,P.S. 236 LANGSTON HUGHES,320900010236,09X236,9,40.848826,-73.909699,"1871 WALTON AVE BRONX, NY 10453",BRONX,10453,"PK,0K,01,02,03,04,05",PK,5,No,0.882,26958.39,0.93,0.2,0.93,Meeting Target,0.93,Meeting Target,0.92,Exceeding Target,0.85,Meeting Target,0.87,Meeting Target,0.93,Meeting Target,Approaching Target,2.19,2.28
293,,,,I.S. 313 SCHOOL OF LEADERSHIP DEVELOPMENT,320900010313,09X313,9,40.840589,-73.90454,"1600 WEBSTER AVE BRONX, NY 10457",BRONX,10457,"06,07,08",6,8,Yes,0.881,,0.89,0.42,0.73,Not Meeting Target,0.8,Approaching Target,0.78,Approaching Target,0.6,Not Meeting Target,0.75,Approaching Target,0.79,Not Meeting Target,Meeting Target,2.05,2.05
294,,,,BRONX WRITING ACADEMY,320900010323,09X323,9,40.832278,-73.914142,"270 E 167TH ST BRONX, NY 10456",BRONX,10456,"06,07,08",6,8,No,0.892,,0.87,0.45,0.81,Meeting Target,0.78,Meeting Target,0.81,Meeting Target,0.7,Approaching Target,0.78,Approaching Target,0.87,Meeting Target,Meeting Target,2.21,2.17
295,,,,BRONX EARLY COLLEGE ACADEMY FOR TEACHING & LEARNING,320900011324,09X324,9,40.828111,-73.917661,"250 E 164TH ST BRONX, NY 10456",BRONX,10456,"06,07,08,09,10,11,12",6,12,Yes,0.819,,0.93,0.23,0.9,Exceeding Target,0.94,Exceeding Target,0.84,Meeting Target,0.88,Meeting Target,0.74,Approaching Target,0.9,Meeting Target,Meeting Target,2.17,2.16
296,,,,URBAN SCIENCE ACADEMY,320900010325,09X325,9,40.827748,-73.913773,"1000 TELLER AVE BRONX, NY 10456",BRONX,10456,"05,06,07,08",5,8,Yes,0.891,,0.9,0.36,0.77,Approaching Target,0.75,Approaching Target,0.84,Approaching Target,0.72,Approaching Target,0.84,Meeting Target,0.87,Meeting Target,Approaching Target,2.0,1.97
298,,,,NEW MILLENNIUM BUSINESS ACADEMY MIDDLE SCHOOL,320900010328,09X328,9,40.827748,-73.913773,"1000 TELLER AVE BRONX, NY 10456",BRONX,10456,"06,07,08",6,8,Yes,0.938,,0.9,0.38,0.9,Approaching Target,0.93,Meeting Target,0.84,Approaching Target,0.82,Meeting Target,0.8,Meeting Target,0.89,Meeting Target,Approaching Target,2.1,2.0
299,,,,I.S. 339,320900010339,09X339,9,40.840589,-73.90454,"1600 WEBSTER AVE BRONX, NY 10457",BRONX,10457,"06,07,08",6,8,Yes,0.913,,0.91,0.31,0.82,Approaching Target,0.75,Approaching Target,0.77,Approaching Target,0.66,Not Meeting Target,0.77,Approaching Target,0.77,Not Meeting Target,Approaching Target,2.05,2.04
300,,,,NEW DIRECTIONS SECONDARY SCHOOL,320900011350,09X350,9,40.839654,-73.911386,"240 E 172ND ST BRONX, NY 10457",BRONX,10457,"06,07,08,09,10,11,12",6,12,No,0.92,,0.66,0.74,0.66,Approaching Target,0.71,Not Meeting Target,0.93,Meeting Target,0.67,Approaching Target,0.78,Meeting Target,0.89,Meeting Target,Approaching Target,1.9,1.91
303,,,,THE FAMILY SCHOOL,320900010443,09X443,9,40.832033,-73.917519,"1116 SHERIDAN AVE BRONX, NY 10456",BRONX,10456,"0K,01,02,03,04,05",0K,5,No,0.898,27970.3,0.92,0.31,0.95,Meeting Target,0.93,Meeting Target,0.9,Meeting Target,0.82,Meeting Target,0.83,Meeting Target,0.94,Meeting Target,Meeting Target,2.24,2.22
304,,,,GRANT AVENUE ELEMENTARY SCHOOL,320900010449,09X449,9,40.828111,-73.917661,"250 E 164TH ST BRONX, NY 10456",BRONX,10456,"0K,01,02,03,04,05",0K,5,No,0.876,26370.44,0.93,0.24,0.93,Meeting Target,0.9,Exceeding Target,0.88,Meeting Target,0.89,Exceeding Target,0.9,Exceeding Target,0.94,Exceeding Target,Approaching Target,2.1,2.22
316,,,,P.S. 023 THE NEW CHILDREN'S SCHOOL,321000010023,10X023,10,40.85336,-73.894798,"2151 WASHINGTON AVE BRONX, NY 10457",BRONX,10457,"PK,0K,01,02",PK,2,No,0.905,24966.63,0.91,0.34,0.79,Approaching Target,0.89,Meeting Target,0.82,Approaching Target,0.78,Meeting Target,0.81,Approaching Target,0.91,Meeting Target,Meeting Target,2.13,2.14
322,,,,P.S. 046 EDGAR ALLAN POE,321000010046,10X046,10,40.858431,-73.887039,"2502 LORILLARD PL BRONX, NY 10458",BRONX,10458,"0K,01,02,03,04,05",0K,5,No,0.906,26555.51,0.92,0.29,0.9,Meeting Target,0.87,Meeting Target,0.89,Meeting Target,0.76,Approaching Target,0.81,Approaching Target,0.92,Meeting Target,Meeting Target,2.08,2.24
327,,,,J.H.S. 080 THE MOSHOLU PARKWAY,321000010080,10X080,10,40.876823,-73.88124,"149 E MOSHOLU PKWY BRONX, NY 10467",BRONX,10467,"06,07,08",6,8,Yes,0.827,,0.89,0.38,0.87,Approaching Target,0.79,Approaching Target,0.81,Approaching Target,0.7,Not Meeting Target,0.74,Approaching Target,0.84,Approaching Target,Meeting Target,2.16,2.07
329,,,,P.S. 085 GREAT EXPECTATIONS,321000010085,10X085,10,40.858852,-73.894829,"2400 MARION AVE BRONX, NY 10458",BRONX,10458,"0K,01,02,03,04,05",0K,5,Yes,0.925,23548.89,0.91,0.35,0.84,Approaching Target,0.82,Meeting Target,0.82,Approaching Target,0.7,Approaching Target,0.81,Approaching Target,0.85,Approaching Target,Approaching Target,2.02,2.05
332,,,,P.S. 094 KINGS COLLEGE SCHOOL,321000010094,10X094,10,40.88051,-73.875267,"3530 KINGS COLLEGE PL BRONX, NY 10467",BRONX,10467,"0K,01,02,03,04,05",0K,5,No,0.862,33404.63,0.91,0.34,0.86,Approaching Target,0.86,Approaching Target,0.88,Approaching Target,0.74,Approaching Target,0.82,Approaching Target,0.93,Meeting Target,Approaching Target,2.17,2.22
338,,,,I.S. 206 ANN MERSEREAU,321000010206,10X206,10,40.859604,-73.906275,"2280 AQUEDUCT AVE BRONX, NY 10468",BRONX,10468,"05,06,07,08",5,8,No,0.909,,0.91,0.33,0.89,Meeting Target,0.91,Meeting Target,0.83,Approaching Target,0.83,Meeting Target,0.84,Meeting Target,0.94,Exceeding Target,Approaching Target,2.06,2.12
345,,,,I.S. 254,321000010254,10X254,10,40.858858,-73.889841,"2452 WASHINGTON AVE BRONX, NY 10458",BRONX,10458,"06,07,08",6,8,No,0.885,,0.91,0.3,0.77,Approaching Target,0.83,Meeting Target,0.83,Meeting Target,0.74,Approaching Target,0.76,Approaching Target,0.88,Meeting Target,Exceeding Target,2.2,2.25
354,,,,THE BRONX SCHOOL OF YOUNG LEADERS,321000010331,10X331,10,40.851349,-73.910712,"40 W TREMONT ST BRONX, NY 10453",BRONX,10453,"06,07,08",6,8,Yes,0.894,,0.94,0.2,0.85,Meeting Target,0.86,Exceeding Target,0.85,Meeting Target,0.81,Meeting Target,0.84,Meeting Target,0.9,Meeting Target,Meeting Target,2.2,2.14
356,,,,INTERNATIONAL SCHOOL FOR LIBERAL ARTS,321000011342,10X342,10,40.870295,-73.897019,"2780 RESERVOIR AVE BRONX, NY 10468",BRONX,10468,"06,07,08,09,10,11,12",6,12,No,0.857,,0.97,0.08,0.91,Meeting Target,0.93,Exceeding Target,0.87,Meeting Target,0.88,Meeting Target,0.82,Meeting Target,0.92,Meeting Target,Meeting Target,2.15,2.18
358,,,,P.S. 360,321000010360,10X360,10,40.874718,-73.902209,"2880 KINGSBRIDGE TER BRONX, NY 10463",BRONX,10463,"0K,01,02,03,04,05",0K,5,No,0.794,39138.83,0.91,0.31,0.88,Approaching Target,0.82,Meeting Target,0.9,Meeting Target,0.67,Not Meeting Target,0.79,Approaching Target,0.86,Approaching Target,Approaching Target,2.22,2.13
359,,,,ACADEMY FOR PERSONAL LEADERSHIP AND EXCELLENCE,321000010363,10X363,10,40.859506,-73.900475,"120 E 184TH ST BRONX, NY 10468",BRONX,10468,"06,07,08",6,8,Yes,0.886,,0.92,0.27,0.92,Meeting Target,0.91,Meeting Target,0.87,Meeting Target,0.9,Meeting Target,0.8,Meeting Target,0.93,Meeting Target,Meeting Target,2.24,2.15
362,,,,SCHOOL FOR ENVIRONMENTAL CITIZENSHIP,321000010386,10X386,10,40.855211,-73.903264,"125 E 181ST ST BRONX, NY 10453",BRONX,10453,"PK,0K,01,02,03,04,05",PK,5,No,0.931,23981.38,0.93,0.23,0.83,Approaching Target,0.83,Meeting Target,0.89,Meeting Target,0.72,Approaching Target,0.83,Approaching Target,0.86,Approaching Target,Approaching Target,2.23,2.25
363,,,,M.S. 390,321000010390,10X390,10,40.854367,-73.913024,"1930 ANDREWS AVE BRONX, NY 10453",BRONX,10453,"05,06,07,08",5,8,No,0.911,,0.93,0.24,0.84,Meeting Target,0.84,Approaching Target,0.82,Meeting Target,0.8,Meeting Target,0.77,Meeting Target,0.86,Approaching Target,Approaching Target,2.15,2.13
364,,,,THE ANGELO PATRI MIDDLE SCHOOL,321000010391,10X391,10,40.854655,-73.897036,"2225 WEBSTER AVE BRONX, NY 10457",BRONX,10457,"06,07,08",6,8,Yes,0.911,,0.9,0.35,0.86,Approaching Target,0.84,Approaching Target,0.82,Approaching Target,0.78,Approaching Target,0.8,Meeting Target,0.88,Meeting Target,Meeting Target,2.09,1.98
367,,,,EAST FORDHAM ACADEMY FOR THE ARTS,321000011459,10X459,10,40.859506,-73.900475,"120 E 184TH ST BRONX, NY 10468",BRONX,10468,"06,07,08",6,8,No,0.881,,0.92,0.27,0.77,Approaching Target,0.78,Approaching Target,0.83,Meeting Target,0.71,Not Meeting Target,0.78,Approaching Target,0.83,Approaching Target,Approaching Target,2.14,1.97
384,,,,P.S. 111 SETON FALLS,321100010111,11X111,11,40.884355,-73.839263,"3740 BAYCHESTER AVE BRONX, NY 10466",BRONX,10466,"PK,0K,01,02,03,04,05",PK,5,No,0.779,39415.18,0.91,0.34,0.78,Approaching Target,0.64,Approaching Target,0.79,Approaching Target,0.5,Not Meeting Target,0.77,Not Meeting Target,0.73,Approaching Target,Approaching Target,2.12,2.15
385,,,,P.S. 112 BRONXWOOD,321100010112,11X112,11,40.884792,-73.843995,"1925 SCHEIFFELIN AVE BRONX, NY 10466",BRONX,10466,"PK,0K,01,02,03,04,05",PK,5,Yes,0.904,26709.85,0.91,0.44,0.9,Approaching Target,0.94,Meeting Target,0.91,Approaching Target,0.87,Meeting Target,0.85,Meeting Target,0.96,Exceeding Target,Approaching Target,2.08,2.09
398,,,,NORTH BRONX SCHOOL OF EMPOWERMENT,321100010287,11X287,11,40.880634,-73.860155,"3710 BARNES AVE BRONX, NY 10467",BRONX,10467,"06,07,08,SE",6,8,No,0.737,,0.89,0.39,0.86,Approaching Target,0.84,Meeting Target,0.78,Approaching Target,0.84,Meeting Target,0.73,Approaching Target,0.88,Meeting Target,Approaching Target,2.15,1.97
399,,,,THE YOUNG SCHOLARS ACADEMY OF THE BRONX,321100010289,11X289,11,40.880634,-73.860155,"3710 BARNES AVE BRONX, NY 10467",BRONX,10467,"06,07,08,SE",6,8,Yes,0.731,,0.91,0.33,0.9,Meeting Target,0.9,Approaching Target,0.74,Approaching Target,0.82,Meeting Target,0.75,Approaching Target,0.88,Approaching Target,Approaching Target,2.16,2.09
401,,,,BRONX ALLIANCE MIDDLE SCHOOL,321100010355,11X355,11,40.886043,-73.840576,"3750 BAYCHESTER AVE BRONX, NY 10466",BRONX,10466,"06,07,08",6,8,No,0.729,,0.93,0.26,0.84,Approaching Target,0.89,Approaching Target,0.82,Approaching Target,0.82,Meeting Target,0.84,Meeting Target,0.92,Exceeding Target,Approaching Target,2.08,2.08
402,,,,LEADERS OF TOMORROW,321100010370,11X370,11,40.880634,-73.860155,"3710 BARNES AVE BRONX, NY 10467",BRONX,10467,"06,07,08",6,8,Yes,0.771,,0.88,0.46,0.93,Meeting Target,0.88,Meeting Target,0.81,Approaching Target,0.88,Meeting Target,0.77,Approaching Target,0.91,Meeting Target,Approaching Target,2.13,2.06
408,,,,BRONX PARK MIDDLE SCHOOL,321100010556,11X556,11,40.86206,-73.864588,"2441 WALLACE AVE BRONX, NY 10467",BRONX,10467,"06,07,08",6,8,No,0.77,,0.92,0.27,0.89,Meeting Target,0.88,Exceeding Target,0.8,Meeting Target,0.83,Meeting Target,0.84,Meeting Target,0.9,Meeting Target,Approaching Target,2.19,2.15
411,,,,P.S. 006 WEST FARMS,321200010006,12X006,12,40.840605,-73.88219,"1000 E TREMONT AVE BRONX, NY 10460",BRONX,10460,"PK,0K,01,02,03,04,05",PK,5,No,0.932,23200.82,0.89,0.45,0.89,Approaching Target,0.88,Approaching Target,0.83,Not Meeting Target,0.67,Not Meeting Target,0.82,Approaching Target,0.88,Approaching Target,Approaching Target,2.12,2.22
416,,,,P.S. 066 SCHOOL OF HIGHER EXPECTATIONS,321200010066,12X066,12,40.831394,-73.886584,"1001 JENNINGS ST BRONX, NY 10460",BRONX,10460,"PK,0K,01,02,03,04,05",PK,5,No,0.892,27311.75,0.92,0.31,0.87,Meeting Target,0.85,Meeting Target,0.87,Meeting Target,0.69,Approaching Target,0.82,Approaching Target,0.87,Approaching Target,Approaching Target,2.2,2.2
418,,,,P.S. 092 BRONX,321200010092,12X092,12,40.846335,-73.889323,"700 E 179TH ST BRONX, NY 10457",BRONX,10457,"PK,0K,01,02,03,04,05",PK,5,Yes,0.923,24153.23,0.9,0.42,0.82,Not Meeting Target,0.78,Approaching Target,0.81,Not Meeting Target,0.65,Not Meeting Target,0.85,Meeting Target,0.85,Approaching Target,Approaching Target,2.0,1.9
419,,,,J.H.S. 098 HERMAN RIDDER,321200010098,12X098,12,40.835821,-73.890983,"1619 BOSTON RD BRONX, NY 10460",BRONX,10460,"06,07,08",6,8,No,0.865,,0.9,0.35,0.85,Approaching Target,0.9,Approaching Target,0.76,Approaching Target,0.87,Meeting Target,0.91,Exceeding Target,0.92,Meeting Target,Meeting Target,2.07,2.15
422,,,,P.S. 150 CHARLES JAMES FOX,321200010150,12X150,12,40.826198,-73.894273,"920 E 167TH ST BRONX, NY 10459",BRONX,10459,"PK,0K,01,02,03,04,05",PK,5,No,0.877,24836.47,0.91,0.35,0.92,Meeting Target,0.91,Meeting Target,0.9,Approaching Target,0.81,Meeting Target,0.84,Approaching Target,0.93,Meeting Target,Approaching Target,2.19,2.26
424,,,,P.S. 195,321200010195,12X195,12,40.830906,-73.877497,"1250 WARD AVE BRONX, NY 10472",BRONX,10472,"02,03,04,05",2,5,No,0.913,27483.68,0.92,0.29,0.9,Approaching Target,0.91,Approaching Target,0.89,Approaching Target,0.82,Meeting Target,0.85,Meeting Target,0.92,Meeting Target,Approaching Target,2.07,2.19
427,,,,P.S. 212,321200010212,12X212,12,40.828715,-73.900452,"1180 TINTON AVE BRONX, NY 10456",BRONX,10456,"PK,0K,01,02,03,04,05,06,07,08",PK,8,No,0.891,26962.88,0.91,0.35,0.89,Approaching Target,0.9,Meeting Target,0.84,Approaching Target,0.84,Meeting Target,0.78,Approaching Target,0.9,Meeting Target,Meeting Target,2.15,2.26
429,,,,SCHOOL OF PERFORMING ARTS,321200010217,12X217,12,40.822084,-73.894038,"977 FOX ST BRONX, NY 10459",BRONX,10459,"06,07,08",6,8,Yes,0.87,,0.9,0.38,0.79,Approaching Target,0.77,Approaching Target,0.71,Approaching Target,0.73,Approaching Target,0.82,Meeting Target,0.82,Approaching Target,Approaching Target,2.11,1.98
432,,,,EAST BRONX ACADEMY FOR THE FUTURE,321200011271,12X271,12,40.836839,-73.887671,"1716 SOUTHERN BLVD BRONX, NY 10460",BRONX,10460,"06,07,08,09,10,11,12",6,12,Yes,0.853,,0.87,0.48,0.85,Meeting Target,0.91,Exceeding Target,0.84,Meeting Target,0.92,Exceeding Target,0.75,Approaching Target,0.93,Meeting Target,Meeting Target,2.23,2.16
434,,,,FANNIE LOU HAMER MIDDLE SCHOOL,321200010286,12X286,12,40.831394,-73.886584,"1001 JENNINGS ST BRONX, NY 10460",BRONX,10460,"06,07,08,SE",6,8,Yes,0.843,,0.92,0.2,0.89,Meeting Target,0.94,Meeting Target,0.86,Meeting Target,0.93,Exceeding Target,0.8,Meeting Target,0.94,Exceeding Target,Meeting Target,2.23,2.17
435,,,,THE SCHOOL OF SCIENCE AND APPLIED LEARNING,321200010300,12X300,12,40.84624,-73.887388,"2050 PROSPECT AVE BRONX, NY 10457",BRONX,10457,"PK,0K,01,02,03,04,05",PK,5,No,0.917,21603.69,0.89,0.46,0.93,Approaching Target,0.94,Meeting Target,0.91,Approaching Target,0.9,Exceeding Target,0.88,Meeting Target,0.96,Exceeding Target,Approaching Target,2.15,2.18
438,,,,"I.S. X318 MATH, SCIENCE & TECHNOLOGY THROUGH ARTS",321200010318,12X318,12,40.84385,-73.890063,"1919 PROSPECT AVE BRONX, NY 10457",BRONX,10457,"06,07,08",6,8,No,0.878,,0.88,0.38,0.85,Meeting Target,0.79,Meeting Target,0.83,Approaching Target,0.73,Approaching Target,0.79,Meeting Target,0.9,Meeting Target,Meeting Target,2.15,2.16
439,,,,ACCION ACADEMY,321200010341,12X341,12,40.842605,-73.890915,"1825 PROSPECT AVE BRONX, NY 10457",BRONX,10457,"06,07,08",6,8,No,0.903,,0.88,0.4,0.85,Exceeding Target,0.91,Exceeding Target,0.83,Approaching Target,0.87,Meeting Target,0.8,Meeting Target,0.92,Meeting Target,Meeting Target,2.2,2.07
442,,,,ENTRADA ACADEMY,321200010384,12X384,12,40.822084,-73.894038,"977 FOX ST BRONX, NY 10459",BRONX,10459,"06,07,08",6,8,Yes,0.868,,0.92,0.23,0.74,Not Meeting Target,0.73,Approaching Target,0.8,Meeting Target,0.7,Not Meeting Target,0.77,Approaching Target,0.85,Approaching Target,Approaching Target,2.04,1.97
443,,,,URBAN SCHOLARS COMMUNITY SCHOOL,321200010463,12X463,12,40.828715,-73.900452,"1180 TINTON AVE BRONX, NY 10456",BRONX,10456,"PK,0K,01,02,03,04,05",PK,5,Yes,0.915,28867.61,0.92,0.33,0.96,Meeting Target,0.91,Meeting Target,0.89,Meeting Target,0.86,Meeting Target,0.87,Meeting Target,0.93,Meeting Target,Meeting Target,2.13,2.1
444,,,,ARCHER ELEMENTARY SCHOOL,321200010531,12X531,12,40.838212,-73.866026,"1827 ARCHER ST BRONX, NY 10460",BRONX,10460,"PK,0K,01,02,03,04,05",PK,5,No,0.848,33924.52,0.93,0.24,0.88,Meeting Target,0.89,Meeting Target,0.87,Meeting Target,0.9,Exceeding Target,0.83,Approaching Target,0.93,Meeting Target,Approaching Target,2.11,2.23
454,,,,P.S. 054 SAMUEL C. BARNES,331300010054,13K054,13,40.692697,-73.952501,"195 SANFORD ST BROOKLYN, NY 11205",BROOKLYN,11205,"PK,0K,01,02,03,04,05",PK,5,No,0.853,37511.84,0.9,0.42,0.93,Meeting Target,0.92,Meeting Target,0.87,Approaching Target,0.85,Meeting Target,0.9,Exceeding Target,0.93,Meeting Target,Approaching Target,2.04,2.09
456,,,,P.S. 067 CHARLES A. DORSEY,331300010067,13K067,13,40.695143,-73.977889,"51 ST EDWARDS ST BROOKLYN, NY 11205",BROOKLYN,11205,"PK,0K,01,02,03,04,05",PK,5,Yes,0.938,39140.78,0.91,0.36,0.94,Approaching Target,0.89,Approaching Target,0.91,Approaching Target,0.82,Meeting Target,0.87,Meeting Target,0.89,Meeting Target,Meeting Target,2.09,2.15
461,,,,DR. SUSAN S. MCKINNEY SECONDARY SCHOOL OF THE ARTS,331300010265,13K265,13,40.697012,-73.976044,"101 PARK AVE BROOKLYN, NY 11205",BROOKLYN,11205,"06,07,08,09,10,11,12",6,12,No,0.782,,0.91,0.36,0.86,Meeting Target,0.85,Meeting Target,0.81,Approaching Target,0.85,Meeting Target,0.79,Meeting Target,0.87,Approaching Target,Meeting Target,2.24,2.08
462,,,,M.S. K266 - PARK PLACE COMMUNITY MIDDLE SCHOOL,331300010266,13K266,13,40.678907,-73.9465,"31 NEW YORK AVE BROOKLYN, NY 11216",BROOKLYN,11216,"06,07,08",6,8,No,0.689,,0.91,0.33,0.84,Approaching Target,0.88,Meeting Target,0.75,Approaching Target,0.85,Meeting Target,0.85,Exceeding Target,0.92,Meeting Target,Approaching Target,2.23,2.1
463,,,,P.S. 270 JOHANN DEKALB,331300010270,13K270,13,40.689626,-73.961094,"241 EMERSON PL BROOKLYN, NY 11205",BROOKLYN,11205,"PK,0K,01,02,03,04,05",PK,5,No,0.886,40603.12,0.89,0.44,0.82,Not Meeting Target,0.8,Approaching Target,0.84,Approaching Target,0.71,Approaching Target,0.82,Approaching Target,0.88,Meeting Target,Meeting Target,2.18,2.2
465,,,,P.S. 287 BAILEY K. ASHFORD,331300010287,13K287,13,40.697861,-73.981047,"50 NAVY ST BROOKLYN, NY 11201",BROOKLYN,11201,"PK,0K,01,02,03,04,05",PK,5,No,0.902,35929.65,0.88,0.52,0.94,Meeting Target,0.88,Meeting Target,0.94,Approaching Target,0.8,Meeting Target,0.77,Not Meeting Target,0.87,Meeting Target,Approaching Target,2.14,2.1
466,,,,SATELLITE EAST MIDDLE SCHOOL,331300010301,13K301,13,40.685945,-73.945303,"344 MONROE ST BROOKLYN, NY 11216",BROOKLYN,11216,"06,07,08",6,8,Yes,0.856,,0.88,0.47,0.89,Approaching Target,0.86,Meeting Target,0.84,Approaching Target,0.8,Approaching Target,0.79,Meeting Target,0.85,Approaching Target,Approaching Target,2.14,1.99
467,,,,P.S. 305 DR. PETER RAY,331300010305,13K305,13,40.685945,-73.945303,"344 MONROE ST BROOKLYN, NY 11216",BROOKLYN,11216,"PK,0K,01,02,03,04,05",PK,5,No,0.834,40387.97,0.89,0.44,0.79,Approaching Target,0.8,Meeting Target,0.86,Approaching Target,0.63,Not Meeting Target,0.79,Not Meeting Target,0.79,Not Meeting Target,Approaching Target,2.04,1.99
469,,,,SATELLITE WEST MIDDLE SCHOOL,331300010313,13K313,13,40.701781,-73.981587,"209 YORK ST BROOKLYN, NY 11201",BROOKLYN,11201,"06,07,08",6,8,No,0.859,,0.87,0.47,0.91,Meeting Target,0.87,Meeting Target,0.88,Approaching Target,0.84,Meeting Target,0.84,Meeting Target,0.89,Meeting Target,Meeting Target,2.19,2.25
470,,,,THE URBAN ASSEMBLY UNISON SCHOOL,331300010351,13K351,13,40.684336,-73.960549,"170 GATES AVE BROOKLYN, NY 11238",BROOKLYN,11238,"06,07,08",6,8,No,0.78,,0.9,0.37,0.75,Not Meeting Target,0.88,Meeting Target,0.68,Approaching Target,0.89,Exceeding Target,0.86,Exceeding Target,0.87,Meeting Target,Approaching Target,2.21,2.07
480,,,,J.H.S. 050 JOHN D. WELLS,331400010050,14K050,14,40.711863,-73.960049,"183 S 3RD ST BROOKLYN, NY 11211",BROOKLYN,11211,"06,07,08",6,8,Yes,0.822,,0.89,0.4,0.82,Approaching Target,0.8,Approaching Target,0.81,Approaching Target,0.66,Not Meeting Target,0.78,Meeting Target,0.85,Approaching Target,Meeting Target,2.13,2.11
481,,,,P.S. 059 WILLIAM FLOYD,331400010059,14K059,14,40.697704,-73.943342,"211 THROOP AVE BROOKLYN, NY 11206",BROOKLYN,11206,"PK,0K,01,02,03,04,05",PK,5,No,0.921,26762.05,0.89,0.42,0.92,Meeting Target,0.96,Meeting Target,0.91,Approaching Target,0.88,Meeting Target,0.84,Meeting Target,0.94,Meeting Target,Meeting Target,2.19,2.26
482,,,,JUAN MOREL CAMPOS SECONDARY SCHOOL,331400011071,14K071,14,40.703878,-73.953472,"215 HEYWARD ST BROOKLYN, NY 11206",BROOKLYN,11206,"06,07,08,09,10,11,12",6,12,Yes,0.868,,0.9,0.35,0.88,Meeting Target,0.92,Meeting Target,0.82,Meeting Target,0.88,Meeting Target,0.77,Meeting Target,0.91,Meeting Target,Approaching Target,2.06,1.99
489,,,,P.S./I.S. 157 THE BENJAMIN FRANKLIN HEALTH & SCIENCE ACADEMY,331400010157,14K157,14,40.695397,-73.960005,"850 KENT AVE BROOKLYN, NY 11205",BROOKLYN,11205,"PK,0K,01,02,03,04,05",PK,5,No,0.859,42709.08,0.93,0.23,0.94,Meeting Target,0.91,Meeting Target,0.93,Exceeding Target,0.87,Meeting Target,0.86,Meeting Target,0.94,Exceeding Target,Meeting Target,2.2,2.2
499,,,,LYONS COMMUNITY SCHOOL,331400011586,14K586,14,40.709765,-73.944519,"223 GRAHAM AVE BROOKLYN, NY 11206",BROOKLYN,11206,"06,07,08,09,10,11,12",6,12,No,0.843,,0.88,0.39,0.85,Approaching Target,0.95,Meeting Target,0.84,Meeting Target,0.92,Exceeding Target,0.84,Exceeding Target,0.93,Exceeding Target,Approaching Target,2.11,1.89
517,,,,I.S. 136 CHARLES O. DEWEY,331500010136,15K136,15,40.652095,-74.007424,"4004 4TH AVE BROOKLYN, NY 11232",BROOKLYN,11232,"06,07,08",6,8,No,0.809,,0.94,0.19,0.91,Approaching Target,0.94,Meeting Target,0.89,Meeting Target,0.87,Meeting Target,0.83,Meeting Target,0.94,Exceeding Target,Meeting Target,2.19,2.13
527,,,,DIGITAL ARTS AND CINEMA TECHNOLOGY HIGH SCHOOL,331500011429,15K429,15,40.685159,-73.993634,"284 BALTIC ST BROOKLYN, NY 11201",BROOKLYN,11201,"06,07,08,09,10,11,12",6,12,No,0.749,,0.88,0.52,0.79,Approaching Target,0.73,Approaching Target,0.78,Meeting Target,0.67,Not Meeting Target,0.69,Not Meeting Target,0.76,Not Meeting Target,Meeting Target,2.1,2.14
533,,,,SCHOOL FOR INTERNATIONAL STUDIES,331500011497,15K497,15,40.685159,-73.993634,"284 BALTIC ST BROOKLYN, NY 11201",BROOKLYN,11201,"06,07,08,09,10,11,12",6,12,No,0.71,,0.95,0.13,0.83,Meeting Target,0.85,Exceeding Target,0.73,Approaching Target,0.79,Meeting Target,0.71,Approaching Target,0.8,Approaching Target,Approaching Target,2.14,2.01
537,,,,P.S. 005 DR. RONALD MCNAIR,331600010005,16K005,16,40.685603,-73.923212,"820 HANCOCK ST BROOKLYN, NY 11233",BROOKLYN,11233,"PK,0K,01,02,03,04,05",PK,5,No,0.877,41931.64,0.91,0.39,0.96,Meeting Target,0.91,Meeting Target,0.88,Meeting Target,0.75,Meeting Target,0.86,Meeting Target,0.9,Meeting Target,Approaching Target,2.05,2.09
541,,,,P.S. 028 THE WARREN PREP ACADEMY,331600010028,16K028,16,40.678161,-73.920219,"1001 HERKIMER ST BROOKLYN, NY 11233",BROOKLYN,11233,"PK,0K,01,02,03,04,05",PK,5,No,0.862,33550.68,0.91,0.36,0.9,Approaching Target,0.89,Meeting Target,0.91,Meeting Target,0.86,Meeting Target,0.88,Meeting Target,0.92,Meeting Target,Approaching Target,2.13,2.15
543,,,,P.S. 040 GEORGE W. CARVER,331600010040,16K040,16,40.680202,-73.921465,"265 RALPH AVE BROOKLYN, NY 11233",BROOKLYN,11233,"PK,0K,01,02,03,04,05",PK,5,No,0.905,34784.38,0.92,0.34,0.95,Meeting Target,0.93,Meeting Target,0.91,Meeting Target,0.92,Exceeding Target,0.83,Approaching Target,0.92,Meeting Target,Meeting Target,2.14,2.24
550,,,,P.S. 309 THE GEORGE E. WIBECAN PREPARATORY ACADEMY,331600010309,16K309,16,40.688119,-73.924441,"794 MONROE ST BROOKLYN, NY 11221",BROOKLYN,11221,"PK,0K,01,02,03,04,05",PK,5,No,0.884,38100.14,0.92,0.28,0.88,Approaching Target,0.8,Approaching Target,0.89,Meeting Target,0.73,Approaching Target,0.82,Approaching Target,0.82,Approaching Target,Meeting Target,2.14,2.24
552,,,,M.S. 584,331600010584,16K584,16,40.674464,-73.928381,"130 ROCHESTER AVE BROOKLYN, NY 11213",BROOKLYN,11213,"06,07,08",6,8,Yes,0.885,,0.9,0.41,0.9,Approaching Target,0.93,Meeting Target,0.81,Approaching Target,0.93,Exceeding Target,0.87,Exceeding Target,0.95,Exceeding Target,Meeting Target,2.09,1.98
555,,,,MADIBA PREP MIDDLE SCHOOL,331600010681,16K681,16,40.691976,-73.931488,"1014 LAFAYETTE AVE BROOKLYN, NY 11221",BROOKLYN,11221,"06,07,08",6,8,No,0.759,,0.91,0.27,0.87,Approaching Target,0.87,Meeting Target,0.84,Meeting Target,0.76,Approaching Target,0.8,Meeting Target,0.88,Meeting Target,Approaching Target,2.18,2.13
560,,,,P.S. 091 THE ALBANY AVENUE SCHOOL,331700010091,17K091,17,40.661792,-73.940462,"532 ALBANY AVE BROOKLYN, NY 11203",BROOKLYN,11203,"PK,0K,01,02,03,04,05,SE",PK,5,No,0.768,40387.86,0.92,0.28,0.95,Meeting Target,0.89,Meeting Target,0.93,Meeting Target,0.8,Meeting Target,0.83,Approaching Target,0.85,Approaching Target,Meeting Target,2.18,2.22
561,,,,P.S. 092 ADRIAN HEGEMAN,331700010092,17K092,17,40.656271,-73.954146,"601 PARKSIDE AVE BROOKLYN, NY 11226",BROOKLYN,11226,"PK,0K,01,02,03,04,05",PK,5,No,0.807,41502.76,0.92,0.3,0.77,Approaching Target,0.89,Meeting Target,0.84,Approaching Target,0.77,Meeting Target,0.86,Meeting Target,0.92,Meeting Target,Approaching Target,2.14,2.22
569,,,,M.S. 246 WALT WHITMAN,331700010246,17K246,17,40.648365,-73.953433,"72 VERONICA PL BROOKLYN, NY 11226",BROOKLYN,11226,"06,07,08",6,8,No,0.708,,0.91,0.32,0.84,Approaching Target,0.78,Approaching Target,0.8,Approaching Target,0.73,Approaching Target,0.79,Meeting Target,0.84,Approaching Target,Meeting Target,2.24,2.03
574,,,,EBBETS FIELD MIDDLE SCHOOL,331700010352,17K352,17,40.664878,-73.959522,"46 MCKEEVER PL BROOKLYN, NY 11225",BROOKLYN,11225,"06,07,08",6,8,Yes,0.786,,0.91,0.29,0.91,Approaching Target,0.85,Meeting Target,0.84,Approaching Target,0.73,Approaching Target,0.76,Approaching Target,0.89,Meeting Target,Meeting Target,2.12,2.11
575,,,,ELIJAH STROUD MIDDLE SCHOOL,331700010353,17K353,17,40.674551,-73.960867,"750 CLASSON AVE BROOKLYN, NY 11238",BROOKLYN,11238,"06,07,08",6,8,No,0.746,,0.93,0.22,0.91,Meeting Target,0.9,Meeting Target,0.86,Meeting Target,0.89,Meeting Target,0.78,Meeting Target,0.94,Exceeding Target,Approaching Target,2.16,2.14
581,,,,P.S. 398 WALTER WEAVER,331700010398,17K398,17,40.663966,-73.927858,"60 E 94TH ST BROOKLYN, NY 11212",BROOKLYN,11212,"PK,0K,01,02,03,04,05",PK,5,No,0.868,36313.08,0.88,0.46,0.89,Approaching Target,0.89,Meeting Target,0.86,Approaching Target,0.79,Meeting Target,0.82,Approaching Target,0.92,Meeting Target,Approaching Target,2.24,2.26
586,,,,SCHOOL FOR DEMOCRACY AND LEADERSHIP,331700011533,17K533,17,40.658665,-73.943838,"600 KINGSTON AVE BROOKLYN, NY 11203",BROOKLYN,11203,"06,07,08,09,10,11,12",6,12,No,0.653,,0.88,0.36,0.84,Approaching Target,0.72,Approaching Target,0.77,Meeting Target,0.76,Approaching Target,0.72,Approaching Target,0.85,Approaching Target,Meeting Target,2.06,2.05
589,,,,BROOKLYN ARTS AND SCIENCE ELEMENTARY SCHOOL,331700010705,17K705,17,40.677036,-73.960074,"443 ST MARKS AVE BROOKLYN, NY 11238",BROOKLYN,11238,"PK,0K,01,02,03,04,05",PK,5,No,0.7,47728.34,0.91,0.35,0.9,Meeting Target,0.92,Meeting Target,0.91,Meeting Target,0.86,Meeting Target,0.92,Exceeding Target,0.97,Exceeding Target,Meeting Target,2.19,2.24
590,,,,NEW HEIGHTS MIDDLE SCHOOL,331700010722,17K722,17,40.662087,-73.936458,"790 E NEW YORK AVE BROOKLYN, NY 11203",BROOKLYN,11203,"06,07,08",6,8,No,0.744,,0.93,0.18,0.85,Meeting Target,0.82,Meeting Target,0.81,Meeting Target,0.87,Meeting Target,0.86,Meeting Target,0.9,Meeting Target,Approaching Target,2.12,2.13
593,,,,I.S. 068 ISAAC BILDERSEE,331800010068,18K068,18,40.63522,-73.910912,"956 E 82ND ST BROOKLYN, NY 11236",BROOKLYN,11236,"06,07,08",6,8,No,0.59,,0.92,0.25,0.81,Approaching Target,0.88,Meeting Target,0.77,Approaching Target,0.75,Approaching Target,0.77,Approaching Target,0.88,Meeting Target,Meeting Target,2.22,2.14
604,,,,P.S. 272 CURTIS ESTABROOK,331800010272,18K272,18,40.626334,-73.900586,"101-24 SEAVIEW AVE BROOKLYN, NY 11236",BROOKLYN,11236,"PK,0K,01,02,03,04,05",PK,5,Yes,0.796,38950.84,0.9,0.42,0.84,Approaching Target,0.8,Approaching Target,0.87,Approaching Target,0.72,Approaching Target,0.81,Approaching Target,0.83,Approaching Target,Approaching Target,2.16,2.26
609,,,,EAST FLATBUSH COMMUNITY RESEARCH SCHOOL,331800010581,18K581,18,40.658685,-73.928682,"905 WINTHROP ST BROOKLYN, NY 11203",BROOKLYN,11203,"06,07,08",6,8,Yes,0.7,,0.92,0.23,0.83,Meeting Target,0.76,Approaching Target,0.8,Meeting Target,0.75,Approaching Target,0.8,Meeting Target,0.81,Approaching Target,Meeting Target,2.17,2.15
616,,,,P.S. 089 CYPRESS HILLS,331900010089,19K089,19,40.677777,-73.886699,"265 WARWICK ST BROOKLYN, NY 11207",BROOKLYN,11207,"0K,01,02,03,04,05,06,07,08",0K,8,No,0.824,38667.98,0.95,0.1,0.83,Approaching Target,0.85,Exceeding Target,0.91,Exceeding Target,0.72,Approaching Target,0.85,Meeting Target,0.9,Meeting Target,Meeting Target,2.2,2.27
619,,,,P.S. 158 WARWICK,331900010158,19K158,19,40.672588,-73.885197,"400 ASHFORD ST BROOKLYN, NY 11207",BROOKLYN,11207,"PK,0K,01,02,03,04,05",PK,5,Yes,0.877,34815.04,0.9,0.39,0.93,Meeting Target,0.94,Meeting Target,0.92,Meeting Target,0.89,Exceeding Target,0.89,Meeting Target,0.96,Exceeding Target,Meeting Target,2.24,2.29
623,,,,P.S. 202 ERNEST S. JENKYNS,331900010202,19K202,19,40.666256,-73.876405,"982 HEGEMAN AVE BROOKLYN, NY 11208",BROOKLYN,11208,"0K,01,02,03,04,05",0K,5,No,0.867,30071.23,0.89,0.48,0.86,Approaching Target,0.71,Approaching Target,0.78,Approaching Target,0.61,Not Meeting Target,0.77,Not Meeting Target,0.76,Not Meeting Target,Approaching Target,2.18,2.22
624,,,,P.S. 213 NEW LOTS,331900010213,19K213,19,40.660048,-73.890219,"580 HEGEMAN AVE BROOKLYN, NY 11207",BROOKLYN,11207,"PK,0K,01,02,03,04,05",PK,5,No,0.833,33621.06,0.9,0.41,0.88,Approaching Target,0.72,Approaching Target,0.85,Approaching Target,0.59,Not Meeting Target,0.79,Not Meeting Target,0.75,Not Meeting Target,Meeting Target,2.11,2.18
626,,,,J.H.S. 218 JAMES P. SINNOTT,331900010218,19K218,19,40.670064,-73.874556,"370 FOUNTAIN AVE BROOKLYN, NY 11208",BROOKLYN,11208,"06,07,08",6,8,No,0.857,,0.89,0.41,0.87,Approaching Target,0.85,Approaching Target,0.82,Approaching Target,0.8,Meeting Target,0.79,Meeting Target,0.89,Meeting Target,Meeting Target,2.16,2.14
631,,,,P.S. 306 ETHAN ALLEN,331900010306,19K306,19,40.655261,-73.886334,"970 VERMONT ST BROOKLYN, NY 11207",BROOKLYN,11207,"PK,0K,01,02,03,04,05,06,07,08",PK,8,Yes,0.875,30491.71,0.86,0.57,0.85,Approaching Target,0.68,Not Meeting Target,0.78,Approaching Target,0.5,Not Meeting Target,0.81,Approaching Target,0.75,Not Meeting Target,Approaching Target,2.12,2.04
632,,,,ESSENCE SCHOOL,331900010311,19K311,19,40.662265,-73.894749,"590 SHEFFIELD AVE BROOKLYN, NY 11207",BROOKLYN,11207,"06,07,08",6,8,Yes,0.783,,0.9,0.31,0.83,Approaching Target,0.96,Meeting Target,0.78,Approaching Target,0.91,Meeting Target,0.84,Meeting Target,0.92,Meeting Target,Not Meeting Target,1.95,1.9
633,,,,THE FRESH CREEK SCHOOL,331900010325,19K325,19,40.65401,-73.894627,"875 WILLIAMS RD BROOKLYN, NY 11207",BROOKLYN,11207,"PK,0K,01,02,03,04,05",PK,5,No,0.845,28849.37,0.92,0.36,0.83,Approaching Target,0.83,Approaching Target,0.92,Meeting Target,0.78,Approaching Target,0.82,Approaching Target,0.84,Approaching Target,Approaching Target,2.04,2.12
634,,,,P.S. 328 PHYLLIS WHEATLEY,331900010328,19K328,19,40.667817,-73.898173,"330 ALABAMA AVE BROOKLYN, NY 11207",BROOKLYN,11207,"PK,0K,01,02,03,04,05",PK,5,Yes,0.931,20613.17,0.88,0.51,0.85,Approaching Target,0.91,Approaching Target,0.92,Approaching Target,0.84,Meeting Target,0.84,Meeting Target,0.92,Meeting Target,Meeting Target,2.11,2.22
638,,,,ACADEMY FOR YOUNG WRITERS,331900011404,19K404,19,40.6573,-73.874138,"1065 ELTON ST BROOKLYN, NY 11208",BROOKLYN,11208,"06,07,08,09,10,11,12",6,12,Yes,0.705,,0.9,0.39,0.71,Meeting Target,0.85,Exceeding Target,0.78,Meeting Target,0.87,Meeting Target,0.75,Approaching Target,0.92,Meeting Target,Approaching Target,2.16,1.98
643,,,,VAN SICLEN COMMUNITY MIDDLE SCHOOL,331900010654,19K654,19,40.659637,-73.885597,"800 VAN SICLEN AVE BROOKLYN, NY 11207",BROOKLYN,11207,"06,07,08",6,8,No,0.78,,0.9,0.33,0.86,Meeting Target,0.96,Meeting Target,0.83,Meeting Target,0.93,Exceeding Target,0.8,Meeting Target,0.95,Exceeding Target,Approaching Target,1.96,1.95
646,,,,SCHOOL OF THE FUTURE BROOKLYN,331900010663,19K663,19,40.665557,-73.897641,"574 DUMONT AVE BROOKLYN, NY 11207",BROOKLYN,11207,"06,07,08",6,8,No,0.891,,0.94,0.16,0.88,Meeting Target,0.97,Exceeding Target,0.83,Meeting Target,0.94,Exceeding Target,0.85,Meeting Target,0.93,Meeting Target,Meeting Target,2.19,2.2
648,,,,EAST NEW YORK MIDDLE SCHOOL OF EXCELLENCE,331900010678,19K678,19,40.669568,-73.879189,"605 SHEPHERD AVE BROOKLYN, NY 11208",BROOKLYN,11208,"06,07,08",6,8,No,0.845,,0.92,0.32,0.86,Meeting Target,0.96,Meeting Target,0.93,Meeting Target,0.91,Exceeding Target,0.83,Meeting Target,0.96,Exceeding Target,Approaching Target,2.19,2.07
714,,,,P.S. 288 THE SHIRLEY TANYHILL,332100010288,21K288,21,40.57427,-73.992477,"2950 W 25TH ST BROOKLYN, NY 11224",BROOKLYN,11224,"PK,0K,01,02,03,04,05,06,07,08",PK,8,No,0.912,22422.66,0.89,0.46,0.83,Approaching Target,0.86,Approaching Target,0.8,Approaching Target,0.82,Meeting Target,0.81,Approaching Target,0.89,Meeting Target,Approaching Target,2.19,2.2
744,,,,P.S. 269 NOSTRAND,332200010269,22K269,22,40.637617,-73.947663,"1957 NOSTRAND AVE BROOKLYN, NY 11210",BROOKLYN,11210,"03,04,05",3,5,No,0.741,46197.25,0.94,0.18,0.94,Meeting Target,0.73,Approaching Target,0.82,Meeting Target,0.63,Not Meeting Target,0.8,Approaching Target,0.72,Not Meeting Target,Approaching Target,2.09,2.06
750,,,,P.S. 041 FRANCIS WHITE,332300010041,23K041,23,40.660182,-73.906873,"411 THATFORD AVE BROOKLYN, NY 11212",BROOKLYN,11212,"0K,01,02,03,04,05,06,07,08",0K,8,No,0.9,29567.13,0.89,0.42,0.87,Approaching Target,0.88,Meeting Target,0.79,Approaching Target,0.81,Meeting Target,0.77,Not Meeting Target,0.87,Approaching Target,Approaching Target,2.14,2.13
752,,,,P.S. 150 CHRISTOPHER,332300010150,23K150,23,40.668635,-73.905086,"364 SACKMAN ST BROOKLYN, NY 11212",BROOKLYN,11212,"0K,01,02,03,04,05,SE",0K,5,No,0.948,16901.67,0.92,0.3,0.0,,0.87,,0.9,,0.89,,0.82,,0.91,,Approaching Target,1.97,2.02
753,,,,P.S./ I.S. 155 NICHOLAS HERKIMER,332300010155,23K155,23,40.677642,-73.908695,"1355 HERKIMER ST BROOKLYN, NY 11233",BROOKLYN,11233,"PK,0K,01,02,03,04,05,06,07,08",PK,8,No,0.877,36518.6,0.88,0.43,0.91,Meeting Target,0.96,Meeting Target,0.86,Approaching Target,0.88,Meeting Target,0.86,Meeting Target,0.95,Exceeding Target,Approaching Target,2.14,2.15
754,,,,P.S. 156 WAVERLY,332300010156,23K156,23,40.665297,-73.917884,"104 SUTTER AVE BROOKLYN, NY 11212",BROOKLYN,11212,"PK,0K,01,02,03,04,05",PK,5,Yes,0.857,34013.33,0.9,0.4,0.93,Meeting Target,0.93,Meeting Target,0.9,Approaching Target,0.85,Meeting Target,0.84,Meeting Target,0.96,Exceeding Target,Approaching Target,2.19,2.29
755,,,,P.S. 165 IDA POSNER,332300010165,23K165,23,40.657196,-73.910944,"76 LOTT AVE BROOKLYN, NY 11212",BROOKLYN,11212,"PK,0K,01,02,03,04,05,06,07,08",PK,8,Yes,0.815,34324.41,0.86,0.5,0.91,Approaching Target,0.89,Meeting Target,0.87,Approaching Target,0.81,Meeting Target,0.83,Meeting Target,0.92,Meeting Target,Approaching Target,2.12,2.01
757,,,,P.S. 184 NEWPORT,332300010184,23K184,23,40.660228,-73.904947,"273 NEWPORT ST BROOKLYN, NY 11212",BROOKLYN,11212,"PK,0K,01,02,03,04,05,06,07,08,SE",PK,8,No,0.904,29709.42,0.88,0.48,0.83,Approaching Target,0.8,Approaching Target,0.8,Approaching Target,0.72,Approaching Target,0.87,Meeting Target,0.86,Approaching Target,Approaching Target,2.17,2.21
758,,,,"THE GREGORY JOCKO JACKSON SCHOOL OF SPORTS, ART, AND TECHNOLOGY",332300010284,23K284,23,40.666934,-73.90761,"213 OSBORN ST BROOKLYN, NY 11212",BROOKLYN,11212,"PK,0K,01,02,03,04,05,06,07,08",PK,8,Yes,0.906,20931.74,0.89,0.4,0.9,Meeting Target,0.87,Meeting Target,0.86,Approaching Target,0.8,Meeting Target,0.9,Exceeding Target,0.92,Meeting Target,Approaching Target,2.08,2.09
759,,,,P.S. 298 DR. BETTY SHABAZZ,332300010298,23K298,23,40.671012,-73.90774,"85 WATKINS ST BROOKLYN, NY 11212",BROOKLYN,11212,"0K,01,02,03,04,05",0K,5,Yes,0.933,23414.77,0.89,0.42,0.97,Meeting Target,0.94,Meeting Target,0.88,Approaching Target,0.83,Meeting Target,0.85,Meeting Target,0.92,Meeting Target,Not Meeting Target,1.97,1.97
761,,,,P.S. 327 DR. ROSE B. ENGLISH,332300010327,23K327,23,40.66798,-73.912085,"111 BRISTOL ST BROOKLYN, NY 11212",BROOKLYN,11212,"PK,0K,01,02,03,04,05,06,07,08",PK,8,No,0.851,32208.89,0.88,0.47,0.9,Approaching Target,0.82,Meeting Target,0.77,Approaching Target,0.65,Not Meeting Target,0.73,Not Meeting Target,0.76,Not Meeting Target,Approaching Target,2.17,1.98
762,,,,BROWNSVILLE COLLABORATIVE MIDDLE SCHOOL,332300010363,23K363,23,40.671012,-73.90774,"85 WATKINS ST BROOKLYN, NY 11212",BROOKLYN,11212,"06,07,08",6,8,No,0.925,,0.87,0.42,0.79,Approaching Target,0.8,Meeting Target,0.85,Approaching Target,0.76,Approaching Target,0.8,Meeting Target,0.89,Meeting Target,Approaching Target,2.07,1.98
764,,,,CHRISTOPHER AVENUE COMMUNITY SCHOOL,332300010401,23K401,23,40.672333,-73.906225,"51 CHRISTOPHER AVE BROOKLYN, NY 11212",BROOKLYN,11212,"PK,0K,01,02,03,04,05",PK,5,No,0.944,23794.1,0.88,0.52,0.92,Meeting Target,0.82,Meeting Target,0.91,Approaching Target,0.68,Approaching Target,0.86,Meeting Target,0.88,Meeting Target,Meeting Target,2.13,2.19
770,,,,BROOKLYN ENVIRONMENTAL EXPLORATION SCHOOL (BEES),332300010664,23K664,23,40.680262,-73.91115,"251 MCDOUGAL ST BROOKLYN, NY 11233",BROOKLYN,11233,"06,07,08",6,8,No,0.837,,0.92,0.31,0.95,Meeting Target,0.98,Exceeding Target,0.91,Meeting Target,0.96,Exceeding Target,0.86,Exceeding Target,0.97,Exceeding Target,Approaching Target,2.09,1.96
771,,,,RIVERDALE AVENUE MIDDLE SCHOOL,332300010668,23K668,23,40.65997,-73.913616,"76 RIVERDALE AVE BROOKLYN, NY 11212",BROOKLYN,11212,"06,07,08",6,8,No,0.804,,0.92,0.27,0.97,Exceeding Target,0.91,Meeting Target,0.92,Exceeding Target,0.92,Exceeding Target,0.85,Meeting Target,0.93,Exceeding Target,Meeting Target,2.18,2.25
874,,,,P.S./M.S 042 R. VERNAM,342700010042,27Q042,27,40.594435,-73.794945,"488 BEACH 66TH ST ARVERNE, NY 11692",ARVERNE,11692,"0K,01,02,03,04,05,06,07,08",0K,8,Yes,0.825,47183.73,0.88,0.48,0.9,Approaching Target,0.86,Meeting Target,0.9,Approaching Target,0.77,Approaching Target,0.84,Meeting Target,0.89,Meeting Target,Approaching Target,2.03,1.99
878,,,,M.S. 053 BRIAN PICCOLO,342700010053,27Q053,27,40.603951,-73.749868,"10-45 NAMEOKE ST FAR ROCKAWAY, NY 11691",FAR ROCKAWAY,11691,"06,07,08",6,8,Yes,0.738,,0.9,0.37,0.88,Meeting Target,0.86,Meeting Target,0.88,Meeting Target,0.76,Approaching Target,0.76,Approaching Target,0.89,Meeting Target,Meeting Target,2.14,2.03
891,,,,P.S. 105 THE BAY SCHOOL,342700010105,27Q105,27,40.595904,-73.781257,"420 BEACH 51ST ST FAR ROCKAWAY, NY 11691",FAR ROCKAWAY,11691,"PK,0K,01,02,03,04,05,06,07,08",PK,8,No,0.897,26636.28,0.91,0.37,0.85,Approaching Target,0.86,Meeting Target,0.82,Approaching Target,0.76,Approaching Target,0.8,Approaching Target,0.88,Meeting Target,Meeting Target,2.21,2.22
892,,,,LIGHTHOUSE ELEMENTARY SCHOOL,342700010106,27Q106,27,40.594681,-73.767108,"180 BEACH 35TH ST FAR ROCKAWAY, NY 11691",FAR ROCKAWAY,11691,"PK,0K,01,02,03,04,05",PK,5,No,0.885,30838.56,0.9,0.43,0.68,Approaching Target,0.62,Approaching Target,0.65,Approaching Target,0.59,Not Meeting Target,0.77,Approaching Target,0.65,Approaching Target,Approaching Target,2.01,2.11
900,,,,P.S. 183 DR. RICHARD R. GREEN,342700010183,27Q183,27,40.588936,-73.805282,"2-45 BEACH 79TH ST ROCKAWAY BEACH, NY 11693",ROCKAWAY BEACH,11693,"PK,0K,01,02,03,04,05,06,07,08",PK,8,No,0.839,46342.01,0.9,0.43,0.83,Approaching Target,0.77,Approaching Target,0.82,Approaching Target,0.6,Not Meeting Target,0.79,Approaching Target,0.81,Approaching Target,Approaching Target,2.16,2.08
901,,,,P.S. 197 THE OCEAN SCHOOL,342700010197,27Q197,27,40.599988,-73.743995,"825 HICKSVILLE RD FAR ROCKAWAY, NY 11691",FAR ROCKAWAY,11691,"PK,0K,01,02,03,04,05,06",PK,6,Yes,0.76,31666.48,0.91,0.33,0.92,Approaching Target,0.89,Meeting Target,0.89,Approaching Target,0.83,Meeting Target,0.91,Exceeding Target,0.93,Meeting Target,Approaching Target,2.06,2.22
918,,,,VILLAGE ACADEMY,342700010319,27Q319,27,40.603951,-73.749868,"10-45 NAMEOKE ST FAR ROCKAWAY, NY 11691",FAR ROCKAWAY,11691,"06,07,08",6,8,No,0.75,,0.93,0.26,0.95,Exceeding Target,0.95,Exceeding Target,0.92,Meeting Target,0.94,Exceeding Target,0.86,Exceeding Target,0.96,Exceeding Target,Meeting Target,2.16,2.18
922,,,,J.H.S. 008 RICHARD S. GROSSLEY,342800010008,28Q008,28,40.696913,-73.786396,"108-35 167TH ST JAMAICA, NY 11433",JAMAICA,11433,"06,07,08",6,8,Yes,0.694,,0.9,0.36,0.88,Approaching Target,0.9,Approaching Target,0.83,Approaching Target,0.74,Approaching Target,0.75,Approaching Target,0.87,Meeting Target,Meeting Target,2.21,2.14
937,,,,P.S. 140 EDWARD K ELLINGTON,342800010140,28Q140,28,40.689923,-73.783228,"116-00 166TH ST JAMAICA, NY 11434",JAMAICA,11434,"PK,0K,01,02,03,04,05,06",PK,6,No,0.674,49625.91,0.92,0.35,0.87,Meeting Target,0.86,Meeting Target,0.91,Meeting Target,0.72,Approaching Target,0.81,Approaching Target,0.83,Approaching Target,Approaching Target,2.19,2.25
995,,,,COLLABORATIVE ARTS MIDDLE SCHOOL,342900010355,29Q355,29,40.664858,-73.759088,"145-00 SPRINGFIELD BLVD SPRINGFIELD GARDENS, NY 11413",SPRINGFIELD GARDENS,11413,"06,07,08",6,8,No,0.557,,0.92,0.26,0.84,Meeting Target,0.91,Meeting Target,0.78,Approaching Target,0.9,Meeting Target,0.8,Meeting Target,0.89,Meeting Target,Approaching Target,2.21,2.13
996,,,,COMMUNITY VOICES MIDDLE SCHOOL,342900010356,29Q356,29,40.664858,-73.759088,"145-00 SPRINGFIELD BLVD SPRINGFIELD GARDENS, NY 11413",SPRINGFIELD GARDENS,11413,"06,07,08",6,8,No,0.547,,0.92,0.27,0.81,Meeting Target,0.85,Meeting Target,0.84,Meeting Target,0.87,Meeting Target,0.75,Approaching Target,0.9,Meeting Target,Approaching Target,2.24,2.13
1008,,,,P.S. 111 JACOB BLACKWELL,343000010111,30Q111,30,40.75855,-73.939237,"37-15 13TH ST LONG ISLAND CITY, NY 11101",LONG ISLAND CITY,11101,"PK,0K,01,02,03,04,05,06,07,08",PK,8,Yes,0.847,26289.11,0.89,0.45,0.87,Approaching Target,0.84,Approaching Target,0.84,Approaching Target,0.76,Approaching Target,0.78,Approaching Target,0.83,Approaching Target,Approaching Target,2.06,2.03
1043,,,,P.S. 016 JOHN J. DRISCOLL,353100010016,31R016,31,40.639729,-74.079582,"80 MONROE AVE STATEN ISLAND, NY 10301",STATEN ISLAND,10301,"PK,0K,01,02,03,04,05",PK,5,No,0.829,49651.7,0.92,0.3,0.95,Meeting Target,0.87,Meeting Target,0.9,Meeting Target,0.74,Approaching Target,0.83,Approaching Target,0.89,Meeting Target,Approaching Target,2.15,2.18
1056,,,,P.S. 031 WILLIAM T. DAVIS,353100010031,31R031,31,40.641954,-74.085457,"55 LAYTON AVE STATEN ISLAND, NY 10301",STATEN ISLAND,10301,"PK,0K,01,02,03,04,05",PK,5,No,0.902,49054.18,0.9,0.41,0.89,Approaching Target,0.9,Meeting Target,0.89,Approaching Target,0.78,Meeting Target,0.85,Meeting Target,0.93,Meeting Target,Meeting Target,2.12,2.18
1065,,,,P.S. 044 THOMAS C. BROWN,353100010044,31R044,31,40.631586,-74.157068,"80 MAPLE PKWY STATEN ISLAND, NY 10303",STATEN ISLAND,10303,"PK,0K,01,02,03,04,05",PK,5,No,0.834,41056.56,0.91,0.37,0.89,Approaching Target,0.85,Meeting Target,0.87,Approaching Target,0.72,Approaching Target,0.81,Approaching Target,0.9,Meeting Target,Meeting Target,2.11,2.18
1087,,,,P.S. 78,353100010078,31R078,31,40.622418,-74.079229,"100 TOMPKINS AVE STATEN ISLAND, NY 10304",STATEN ISLAND,10304,"PK,0K,01,02,03,04,05",PK,5,Yes,0.884,38859.51,0.9,0.41,0.91,Approaching Target,0.9,Meeting Target,0.77,Not Meeting Target,0.85,Meeting Target,0.84,Meeting Target,0.94,Exceeding Target,,2.11,2.2
1097,,,,P.S. 151 LYNDON B. JOHNSON,333200010151,32K151,32,40.693371,-73.908233,"763 KNICKERBOCKER AVE BROOKLYN, NY 11237",BROOKLYN,11237,"PK,0K,01,02,03,04,05",PK,5,No,0.892,41236.54,0.93,0.28,0.84,Approaching Target,0.85,Meeting Target,0.87,Meeting Target,0.78,Meeting Target,0.87,Meeting Target,0.89,Meeting Target,Approaching Target,2.02,2.1
1098,,,,J.H.S. 162 THE WILLOUGHBY,333200010162,32K162,32,40.706871,-73.92002,"1390 WILLOUGHBY AVE BROOKLYN, NY 11237",BROOKLYN,11237,"06,07,08",6,8,No,0.845,,0.91,0.31,0.89,Meeting Target,0.83,Meeting Target,0.84,Meeting Target,0.78,Approaching Target,0.77,Approaching Target,0.86,Approaching Target,Meeting Target,2.23,2.23
1100,,,,J.H.S. 291 ROLAND HAYES,333200010291,32K291,32,40.695648,-73.915406,"231 PALMETTO ST BROOKLYN, NY 11221",BROOKLYN,11221,"06,07,08",6,8,Yes,0.839,,0.89,0.36,0.96,Meeting Target,0.97,Exceeding Target,0.88,Meeting Target,0.89,Meeting Target,0.78,Meeting Target,0.93,Meeting Target,Meeting Target,2.17,2.1
1105,,,,P.S. 377 ALEJANDRINA B. DE GAUTIER,333200010377,32K377,32,40.693817,-73.914879,"200 WOODBINE ST BROOKLYN, NY 11221",BROOKLYN,11221,"PK,0K,01,02,03,04,05,06,07,08",PK,8,No,0.819,36894.07,0.91,0.32,0.9,Approaching Target,0.85,Meeting Target,0.85,Approaching Target,0.73,Approaching Target,0.81,Approaching Target,0.89,Meeting Target,Approaching Target,2.14,2.22
1109,,,,EVERGREEN MIDDLE SCHOOL FOR URBAN EXPLORATION,333200010562,32K562,32,40.688922,-73.91033,"125 COVERT ST BROOKLYN, NY 11207",BROOKLYN,11207,"06,07,08",6,8,No,0.848,,0.92,0.25,0.88,Meeting Target,0.95,Meeting Target,0.89,Meeting Target,0.92,Meeting Target,0.79,Meeting Target,0.95,Exceeding Target,Approaching Target,2.11,1.95
1119,,,,LAUNCH EXPEDITIONARY LEARNING CHARTER SCHOOL,331600861003,84K360,16,40.675732,-73.935082,"1580 DEAN ST-3RD FL BROOKLYN, NY 11213",BROOKLYN,11213,"06,07,08,09,10,11,12",6,12,No,0.748,,0.95,0.13,0.8,Approaching Target,0.83,Meeting Target,0.8,Meeting Target,0.84,Meeting Target,0.78,Approaching Target,0.87,Approaching Target,Approaching Target,2.16,2.2
1184,,,,THE OPPORTUNITY CHARTER SCHOOL,310300860871,84M279,3,40.801651,-73.955295,"240 W 113TH ST-4TH FL NEW YORK, NY 10026",NEW YORK,10026,"06,07,08,09,10,11,12",6,12,No,0.758,,0.93,0.22,0.79,Approaching Target,0.69,Approaching Target,0.79,Meeting Target,0.7,Approaching Target,0.77,Meeting Target,0.82,Approaching Target,Approaching Target,2.13,2.01
1199,,,,ST. HOPE LEADERSHIP ACADEMY CHARTER SCHOOL,310500860928,84M388,5,40.814949,-73.945808,"222 W 134TH ST-RM 111 NEW YORK, NY 10030",NEW YORK,10030,"0K,01,02,03,04,05,06,07,08,09,10,11,12",0K,12,No,0.818,,0.95,0.05,0.87,Meeting Target,0.94,Exceeding Target,0.91,Exceeding Target,0.88,Meeting Target,0.82,Meeting Target,0.94,Exceeding Target,Approaching Target,2.13,2.29
1249,,,,BRONX CHARTER SCHOOL FOR CHILDREN,320700860852,84X407,7,40.812627,-73.919908,"388 WILLIS AVE BRONX, NY 10454",BRONX,10454,"0K,01,02,03,04,05",0K,5,No,0.862,23824.44,0.97,0.04,0.93,Meeting Target,0.92,Exceeding Target,0.88,Meeting Target,0.84,Meeting Target,0.85,Meeting Target,0.96,Exceeding Target,Approaching Target,2.21,2.29
1264,,,,NEW YORK CITY MONTESSORI CHARTER SCHOOL,320700861005,84X554,7,40.808913,-73.921746,"423 E 138TH ST BRONX, NY 10454",BRONX,10454,"0K,01,02,03,04,05",0K,5,No,0.838,25199.39,0.91,0.34,0.74,Approaching Target,0.83,Approaching Target,0.73,Approaching Target,0.77,Approaching Target,0.86,Meeting Target,0.91,Meeting Target,,2.02,2.27
